station_number,area_code,parameter,valid_start,valid_end,value,unit,statistic,level,qc_valid_minutes,qc_valid_start,qc_valid_end
69132,,MeanT,,,,C,,,,,
69132,,MeanRH,,,,%,,,,,
69132,,Precip24h,,,507.29999999999995,mm,,,,,
69132,,surface_pressure,1495670400.0,,944.1,,,,,,
69132,,surface_pressure,1495674000.0,,943.8,,,,,,
69132,,surface_pressure,1495677600.0,,942.7,,,,,,
69132,,surface_pressure,1495681200.0,,941.9,,,,,,
69132,,surface_pressure,1495684800.0,,941.7,,,,,,
69132,,surface_pressure,1495688400.0,,941.2,,,,,,
69132,,surface_pressure,1495692000.0,,941.2,,,,,,
69132,,surface_pressure,1495695600.0,,941.1,,,,,,
69132,,surface_pressure,1495699200.0,,941.2,,,,,,
69132,,surface_pressure,1495702800.0,,941.6,,,,,,
69132,,surface_pressure,1495706400.0,,941.8,,,,,,
69132,,surface_pressure,1495710000.0,,941.7,,,,,,
69132,,surface_pressure,1495713600.0,,941.7,,,,,,
69132,,surface_pressure,1495717200.0,,941.8,,,,,,
69132,,surface_pressure,1495720800.0,,942.0,,,,,,
69132,,surface_pressure,1495724400.0,,941.3,,,,,,
69132,,surface_pressure,1495728000.0,,941.0,,,,,,
69132,,surface_pressure,1495731600.0,,940.8,,,,,,
69132,,surface_pressure,1495735200.0,,940.6,,,,,,
69132,,surface_pressure,1495738800.0,,940.8,,,,,,
69132,,surface_pressure,1495742400.0,,941.1,,,,,,
69132,,surface_pressure,1495746000.0,,941.3,,,,,,
69132,,surface_pressure,1495749600.0,,942.5,,,,,,
69132,,surface_pressure,1495753200.0,,944.0,,,,,,
69132,,soil_temperature_0_to_7cm,1495670400.0,,7.5,,,,,,
69132,,soil_temperature_0_to_7cm,1495674000.0,,9.0,,,,,,
69132,,soil_temperature_0_to_7cm,1495677600.0,,10.2,,,,,,
69132,,soil_temperature_0_to_7cm,1495681200.0,,11.2,,,,,,
69132,,soil_temperature_0_to_7cm,1495684800.0,,11.8,,,,,,
69132,,soil_temperature_0_to_7cm,1495688400.0,,12.0,,,,,,
69132,,soil_temperature_0_to_7cm,1495692000.0,,11.9,,,,,,
69132,,soil_temperature_0_to_7cm,1495695600.0,,11.3,,,,,,
69132,,soil_temperature_0_to_7cm,1495699200.0,,10.5,,,,,,
69132,,soil_temperature_0_to_7cm,1495702800.0,,9.8,,,,,,
69132,,soil_temperature_0_to_7cm,1495706400.0,,9.2,,,,,,
69132,,soil_temperature_0_to_7cm,1495710000.0,,8.7,,,,,,
69132,,soil_temperature_0_to_7cm,1495713600.0,,8.2,,,,,,
69132,,soil_temperature_0_to_7cm,1495717200.0,,8.1,,,,,,
69132,,soil_temperature_0_to_7cm,1495720800.0,,8.0,,,,,,
69132,,soil_temperature_0_to_7cm,1495724400.0,,7.8,,,,,,
69132,,soil_temperature_0_to_7cm,1495728000.0,,7.6,,,,,,
69132,,soil_temperature_0_to_7cm,1495731600.0,,7.5,,,,,,
69132,,soil_temperature_0_to_7cm,1495735200.0,,7.4,,,,,,
69132,,soil_temperature_0_to_7cm,1495738800.0,,7.2,,,,,,
69132,,soil_temperature_0_to_7cm,1495742400.0,,7.0,,,,,,
69132,,soil_temperature_0_to_7cm,1495746000.0,,6.7,,,,,,
69132,,soil_temperature_0_to_7cm,1495749600.0,,6.8,,,,,,
69132,,soil_temperature_0_to_7cm,1495753200.0,,7.7,,,,,,
69132,,soil_temperature_7_to_28cm,1495670400.0,,9.1,,,,,,
69132,,soil_temperature_7_to_28cm,1495674000.0,,9.1,,,,,,
69132,,soil_temperature_7_to_28cm,1495677600.0,,9.2,,,,,,
69132,,soil_temperature_7_to_28cm,1495681200.0,,9.4,,,,,,
69132,,soil_temperature_7_to_28cm,1495684800.0,,9.6,,,,,,
69132,,soil_temperature_7_to_28cm,1495688400.0,,9.8,,,,,,
69132,,soil_temperature_7_to_28cm,1495692000.0,,10.0,,,,,,
69132,,soil_temperature_7_to_28cm,1495695600.0,,10.2,,,,,,
69132,,soil_temperature_7_to_28cm,1495699200.0,,10.3,,,,,,
69132,,soil_temperature_7_to_28cm,1495702800.0,,10.3,,,,,,
69132,,soil_temperature_7_to_28cm,1495706400.0,,10.2,,,,,,
69132,,soil_temperature_7_to_28cm,1495710000.0,,10.1,,,,,,
69132,,soil_temperature_7_to_28cm,1495713600.0,,10.0,,,,,,
69132,,soil_temperature_7_to_28cm,1495717200.0,,9.9,,,,,,
69132,,soil_temperature_7_to_28cm,1495720800.0,,9.8,,,,,,
69132,,soil_temperature_7_to_28cm,1495724400.0,,9.7,,,,,,
69132,,soil_temperature_7_to_28cm,1495728000.0,,9.6,,,,,,
69132,,soil_temperature_7_to_28cm,1495731600.0,,9.4,,,,,,
69132,,soil_temperature_7_to_28cm,1495735200.0,,9.3,,,,,,
69132,,soil_temperature_7_to_28cm,1495738800.0,,9.2,,,,,,
69132,,soil_temperature_7_to_28cm,1495742400.0,,9.1,,,,,,
69132,,soil_temperature_7_to_28cm,1495746000.0,,9.0,,,,,,
69132,,soil_temperature_7_to_28cm,1495749600.0,,8.8,,,,,,
69132,,soil_temperature_7_to_28cm,1495753200.0,,8.8,,,,,,
69132,,soil_moisture_0_to_7cm,1495670400.0,,0.362,,,,,,
69132,,soil_moisture_0_to_7cm,1495674000.0,,0.362,,,,,,
69132,,soil_moisture_0_to_7cm,1495677600.0,,0.361,,,,,,
69132,,soil_moisture_0_to_7cm,1495681200.0,,0.361,,,,,,
69132,,soil_moisture_0_to_7cm,1495684800.0,,0.36,,,,,,
69132,,soil_moisture_0_to_7cm,1495688400.0,,0.359,,,,,,
69132,,soil_moisture_0_to_7cm,1495692000.0,,0.359,,,,,,
69132,,soil_moisture_0_to_7cm,1495695600.0,,0.359,,,,,,
69132,,soil_moisture_0_to_7cm,1495699200.0,,0.359,,,,,,
69132,,soil_moisture_0_to_7cm,1495702800.0,,0.359,,,,,,
69132,,soil_moisture_0_to_7cm,1495706400.0,,0.359,,,,,,
69132,,soil_moisture_0_to_7cm,1495710000.0,,0.359,,,,,,
69132,,soil_moisture_0_to_7cm,1495713600.0,,0.359,,,,,,
69132,,soil_moisture_0_to_7cm,1495717200.0,,0.359,,,,,,
69132,,soil_moisture_0_to_7cm,1495720800.0,,0.359,,,,,,
69132,,soil_moisture_0_to_7cm,1495724400.0,,0.359,,,,,,
69132,,soil_moisture_0_to_7cm,1495728000.0,,0.359,,,,,,
69132,,soil_moisture_0_to_7cm,1495731600.0,,0.359,,,,,,
69132,,soil_moisture_0_to_7cm,1495735200.0,,0.359,,,,,,
69132,,soil_moisture_0_to_7cm,1495738800.0,,0.359,,,,,,
69132,,soil_moisture_0_to_7cm,1495742400.0,,0.359,,,,,,
69132,,soil_moisture_0_to_7cm,1495746000.0,,0.359,,,,,,
69132,,soil_moisture_0_to_7cm,1495749600.0,,0.359,,,,,,
69132,,soil_moisture_0_to_7cm,1495753200.0,,0.359,,,,,,
69132,,soil_moisture_7_to_28cm,1495670400.0,,0.373,,,,,,
69132,,soil_moisture_7_to_28cm,1495674000.0,,0.373,,,,,,
69132,,soil_moisture_7_to_28cm,1495677600.0,,0.372,,,,,,
69132,,soil_moisture_7_to_28cm,1495681200.0,,0.372,,,,,,
69132,,soil_moisture_7_to_28cm,1495684800.0,,0.372,,,,,,
69132,,soil_moisture_7_to_28cm,1495688400.0,,0.371,,,,,,
69132,,soil_moisture_7_to_28cm,1495692000.0,,0.371,,,,,,
69132,,soil_moisture_7_to_28cm,1495695600.0,,0.371,,,,,,
69132,,soil_moisture_7_to_28cm,1495699200.0,,0.37,,,,,,
69132,,soil_moisture_7_to_28cm,1495702800.0,,0.37,,,,,,
69132,,soil_moisture_7_to_28cm,1495706400.0,,0.37,,,,,,
69132,,soil_moisture_7_to_28cm,1495710000.0,,0.37,,,,,,
69132,,soil_moisture_7_to_28cm,1495713600.0,,0.37,,,,,,
69132,,soil_moisture_7_to_28cm,1495717200.0,,0.37,,,,,,
69132,,soil_moisture_7_to_28cm,1495720800.0,,0.369,,,,,,
69132,,soil_moisture_7_to_28cm,1495724400.0,,0.369,,,,,,
69132,,soil_moisture_7_to_28cm,1495728000.0,,0.369,,,,,,
69132,,soil_moisture_7_to_28cm,1495731600.0,,0.369,,,,,,
69132,,soil_moisture_7_to_28cm,1495735200.0,,0.369,,,,,,
69132,,soil_moisture_7_to_28cm,1495738800.0,,0.369,,,,,,
69132,,soil_moisture_7_to_28cm,1495742400.0,,0.369,,,,,,
69132,,soil_moisture_7_to_28cm,1495746000.0,,0.368,,,,,,
69132,,soil_moisture_7_to_28cm,1495749600.0,,0.368,,,,,,
69132,,soil_moisture_7_to_28cm,1495753200.0,,0.368,,,,,,
69132,,PressureMean,,,941.79,hPa,,,,,
69132,,soil_moisture_0_to_7cmMean,,,0.36,m3/m3,,,,,
