station_number,area_code,parameter,valid_start,valid_end,value,unit,statistic,level,qc_valid_minutes,qc_valid_start,qc_valid_end
69132,,MeanT,,,,C,,,,,
69132,,MeanRH,,,,%,,,,,
69132,,Precip24h,,,1130.6,mm,,,,,
69132,,surface_pressure,1495065600.0,,949.8,,,,,,
69132,,surface_pressure,1495069200.0,,949.9,,,,,,
69132,,surface_pressure,1495072800.0,,949.4,,,,,,
69132,,surface_pressure,1495076400.0,,948.6,,,,,,
69132,,surface_pressure,1495080000.0,,947.7,,,,,,
69132,,surface_pressure,1495083600.0,,947.8,,,,,,
69132,,surface_pressure,1495087200.0,,948.0,,,,,,
69132,,surface_pressure,1495090800.0,,948.7,,,,,,
69132,,surface_pressure,1495094400.0,,949.0,,,,,,
69132,,surface_pressure,1495098000.0,,949.3,,,,,,
69132,,surface_pressure,1495101600.0,,950.1,,,,,,
69132,,surface_pressure,1495105200.0,,950.5,,,,,,
69132,,surface_pressure,1495108800.0,,950.1,,,,,,
69132,,surface_pressure,1495112400.0,,950.0,,,,,,
69132,,surface_pressure,1495116000.0,,949.9,,,,,,
69132,,surface_pressure,1495119600.0,,949.8,,,,,,
69132,,surface_pressure,1495123200.0,,949.2,,,,,,
69132,,surface_pressure,1495126800.0,,948.4,,,,,,
69132,,surface_pressure,1495130400.0,,948.1,,,,,,
69132,,surface_pressure,1495134000.0,,948.1,,,,,,
69132,,surface_pressure,1495137600.0,,948.0,,,,,,
69132,,surface_pressure,1495141200.0,,947.7,,,,,,
69132,,surface_pressure,1495144800.0,,948.0,,,,,,
69132,,surface_pressure,1495148400.0,,948.2,,,,,,
69132,,soil_temperature_0_to_7cm,1495065600.0,,9.3,,,,,,
69132,,soil_temperature_0_to_7cm,1495069200.0,,10.1,,,,,,
69132,,soil_temperature_0_to_7cm,1495072800.0,,10.8,,,,,,
69132,,soil_temperature_0_to_7cm,1495076400.0,,11.5,,,,,,
69132,,soil_temperature_0_to_7cm,1495080000.0,,12.2,,,,,,
69132,,soil_temperature_0_to_7cm,1495083600.0,,12.5,,,,,,
69132,,soil_temperature_0_to_7cm,1495087200.0,,12.3,,,,,,
69132,,soil_temperature_0_to_7cm,1495090800.0,,11.9,,,,,,
69132,,soil_temperature_0_to_7cm,1495094400.0,,11.6,,,,,,
69132,,soil_temperature_0_to_7cm,1495098000.0,,11.3,,,,,,
69132,,soil_temperature_0_to_7cm,1495101600.0,,11.2,,,,,,
69132,,soil_temperature_0_to_7cm,1495105200.0,,11.0,,,,,,
69132,,soil_temperature_0_to_7cm,1495108800.0,,10.7,,,,,,
69132,,soil_temperature_0_to_7cm,1495112400.0,,10.6,,,,,,
69132,,soil_temperature_0_to_7cm,1495116000.0,,10.6,,,,,,
69132,,soil_temperature_0_to_7cm,1495119600.0,,10.6,,,,,,
69132,,soil_temperature_0_to_7cm,1495123200.0,,10.5,,,,,,
69132,,soil_temperature_0_to_7cm,1495126800.0,,10.5,,,,,,
69132,,soil_temperature_0_to_7cm,1495130400.0,,10.1,,,,,,
69132,,soil_temperature_0_to_7cm,1495134000.0,,10.0,,,,,,
69132,,soil_temperature_0_to_7cm,1495137600.0,,10.0,,,,,,
69132,,soil_temperature_0_to_7cm,1495141200.0,,10.0,,,,,,
69132,,soil_temperature_0_to_7cm,1495144800.0,,10.2,,,,,,
69132,,soil_temperature_0_to_7cm,1495148400.0,,10.6,,,,,,
69132,,soil_temperature_7_to_28cm,1495065600.0,,8.3,,,,,,
69132,,soil_temperature_7_to_28cm,1495069200.0,,8.5,,,,,,
69132,,soil_temperature_7_to_28cm,1495072800.0,,8.7,,,,,,
69132,,soil_temperature_7_to_28cm,1495076400.0,,8.9,,,,,,
69132,,soil_temperature_7_to_28cm,1495080000.0,,9.2,,,,,,
69132,,soil_temperature_7_to_28cm,1495083600.0,,9.5,,,,,,
69132,,soil_temperature_7_to_28cm,1495087200.0,,9.8,,,,,,
69132,,soil_temperature_7_to_28cm,1495090800.0,,10.0,,,,,,
69132,,soil_temperature_7_to_28cm,1495094400.0,,10.1,,,,,,
69132,,soil_temperature_7_to_28cm,1495098000.0,,10.2,,,,,,
69132,,soil_temperature_7_to_28cm,1495101600.0,,10.3,,,,,,
69132,,soil_temperature_7_to_28cm,1495105200.0,,10.4,,,,,,
69132,,soil_temperature_7_to_28cm,1495108800.0,,10.3,,,,,,
69132,,soil_temperature_7_to_28cm,1495112400.0,,10.4,,,,,,
69132,,soil_temperature_7_to_28cm,1495116000.0,,10.4,,,,,,
69132,,soil_temperature_7_to_28cm,1495119600.0,,10.4,,,,,,
69132,,soil_temperature_7_to_28cm,1495123200.0,,10.4,,,,,,
69132,,soil_temperature_7_to_28cm,1495126800.0,,10.5,,,,,,
69132,,soil_temperature_7_to_28cm,1495130400.0,,10.4,,,,,,
69132,,soil_temperature_7_to_28cm,1495134000.0,,10.4,,,,,,
69132,,soil_temperature_7_to_28cm,1495137600.0,,10.4,,,,,,
69132,,soil_temperature_7_to_28cm,1495141200.0,,10.4,,,,,,
69132,,soil_temperature_7_to_28cm,1495144800.0,,10.4,,,,,,
69132,,soil_temperature_7_to_28cm,1495148400.0,,10.4,,,,,,
69132,,soil_moisture_0_to_7cm,1495065600.0,,0.321,,,,,,
69132,,soil_moisture_0_to_7cm,1495069200.0,,0.32,,,,,,
69132,,soil_moisture_0_to_7cm,1495072800.0,,0.32,,,,,,
69132,,soil_moisture_0_to_7cm,1495076400.0,,0.319,,,,,,
69132,,soil_moisture_0_to_7cm,1495080000.0,,0.319,,,,,,
69132,,soil_moisture_0_to_7cm,1495083600.0,,0.318,,,,,,
69132,,soil_moisture_0_to_7cm,1495087200.0,,0.318,,,,,,
69132,,soil_moisture_0_to_7cm,1495090800.0,,0.318,,,,,,
69132,,soil_moisture_0_to_7cm,1495094400.0,,0.318,,,,,,
69132,,soil_moisture_0_to_7cm,1495098000.0,,0.318,,,,,,
69132,,soil_moisture_0_to_7cm,1495101600.0,,0.319,,,,,,
69132,,soil_moisture_0_to_7cm,1495105200.0,,0.319,,,,,,
69132,,soil_moisture_0_to_7cm,1495108800.0,,0.319,,,,,,
69132,,soil_moisture_0_to_7cm,1495112400.0,,0.319,,,,,,
69132,,soil_moisture_0_to_7cm,1495116000.0,,0.319,,,,,,
69132,,soil_moisture_0_to_7cm,1495119600.0,,0.319,,,,,,
69132,,soil_moisture_0_to_7cm,1495123200.0,,0.319,,,,,,
69132,,soil_moisture_0_to_7cm,1495126800.0,,0.319,,,,,,
69132,,soil_moisture_0_to_7cm,1495130400.0,,0.319,,,,,,
69132,,soil_moisture_0_to_7cm,1495134000.0,,0.319,,,,,,
69132,,soil_moisture_0_to_7cm,1495137600.0,,0.319,,,,,,
69132,,soil_moisture_0_to_7cm,1495141200.0,,0.319,,,,,,
69132,,soil_moisture_0_to_7cm,1495144800.0,,0.319,,,,,,
69132,,soil_moisture_0_to_7cm,1495148400.0,,0.319,,,,,,
69132,,soil_moisture_7_to_28cm,1495065600.0,,0.323,,,,,,
69132,,soil_moisture_7_to_28cm,1495069200.0,,0.323,,,,,,
69132,,soil_moisture_7_to_28cm,1495072800.0,,0.323,,,,,,
69132,,soil_moisture_7_to_28cm,1495076400.0,,0.323,,,,,,
69132,,soil_moisture_7_to_28cm,1495080000.0,,0.322,,,,,,
69132,,soil_moisture_7_to_28cm,1495083600.0,,0.322,,,,,,
69132,,soil_moisture_7_to_28cm,1495087200.0,,0.322,,,,,,
69132,,soil_moisture_7_to_28cm,1495090800.0,,0.322,,,,,,
69132,,soil_moisture_7_to_28cm,1495094400.0,,0.322,,,,,,
69132,,soil_moisture_7_to_28cm,1495098000.0,,0.322,,,,,,
69132,,soil_moisture_7_to_28cm,1495101600.0,,0.322,,,,,,
69132,,soil_moisture_7_to_28cm,1495105200.0,,0.322,,,,,,
69132,,soil_moisture_7_to_28cm,1495108800.0,,0.322,,,,,,
69132,,soil_moisture_7_to_28cm,1495112400.0,,0.322,,,,,,
69132,,soil_moisture_7_to_28cm,1495116000.0,,0.322,,,,,,
69132,,soil_moisture_7_to_28cm,1495119600.0,,0.322,,,,,,
69132,,soil_moisture_7_to_28cm,1495123200.0,,0.322,,,,,,
69132,,soil_moisture_7_to_28cm,1495126800.0,,0.322,,,,,,
69132,,soil_moisture_7_to_28cm,1495130400.0,,0.322,,,,,,
69132,,soil_moisture_7_to_28cm,1495134000.0,,0.322,,,,,,
69132,,soil_moisture_7_to_28cm,1495137600.0,,0.322,,,,,,
69132,,soil_moisture_7_to_28cm,1495141200.0,,0.322,,,,,,
69132,,soil_moisture_7_to_28cm,1495144800.0,,0.322,,,,,,
69132,,soil_moisture_7_to_28cm,1495148400.0,,0.322,,,,,,
69132,,PressureMean,,,948.93,hPa,,,,,
69132,,soil_moisture_0_to_7cmMean,,,0.32,m3/m3,,,,,
