station_number,area_code,parameter,valid_start,valid_end,value,unit,statistic,level,qc_valid_minutes,qc_valid_start,qc_valid_end
69132,,MeanT,,,,C,,,,,
69132,,MeanRH,,,,%,,,,,
69132,,Precip24h,,,1194.2,mm,,,,,
69132,,surface_pressure,1495584000.0,,937.6,,,,,,
69132,,surface_pressure,1495587600.0,,937.5,,,,,,
69132,,surface_pressure,1495591200.0,,936.5,,,,,,
69132,,surface_pressure,1495594800.0,,936.2,,,,,,
69132,,surface_pressure,1495598400.0,,936.3,,,,,,
69132,,surface_pressure,1495602000.0,,937.0,,,,,,
69132,,surface_pressure,1495605600.0,,937.4,,,,,,
69132,,surface_pressure,1495609200.0,,938.1,,,,,,
69132,,surface_pressure,1495612800.0,,939.0,,,,,,
69132,,surface_pressure,1495616400.0,,939.9,,,,,,
69132,,surface_pressure,1495620000.0,,940.6,,,,,,
69132,,surface_pressure,1495623600.0,,940.8,,,,,,
69132,,surface_pressure,1495627200.0,,940.8,,,,,,
69132,,surface_pressure,1495630800.0,,940.9,,,,,,
69132,,surface_pressure,1495634400.0,,941.0,,,,,,
69132,,surface_pressure,1495638000.0,,941.2,,,,,,
69132,,surface_pressure,1495641600.0,,940.9,,,,,,
69132,,surface_pressure,1495645200.0,,940.9,,,,,,
69132,,surface_pressure,1495648800.0,,940.9,,,,,,
69132,,surface_pressure,1495652400.0,,940.9,,,,,,
69132,,surface_pressure,1495656000.0,,941.2,,,,,,
69132,,surface_pressure,1495659600.0,,941.3,,,,,,
69132,,surface_pressure,1495663200.0,,942.2,,,,,,
69132,,surface_pressure,1495666800.0,,943.4,,,,,,
69132,,soil_temperature_0_to_7cm,1495584000.0,,12.0,,,,,,
69132,,soil_temperature_0_to_7cm,1495587600.0,,12.2,,,,,,
69132,,soil_temperature_0_to_7cm,1495591200.0,,12.5,,,,,,
69132,,soil_temperature_0_to_7cm,1495594800.0,,12.8,,,,,,
69132,,soil_temperature_0_to_7cm,1495598400.0,,13.0,,,,,,
69132,,soil_temperature_0_to_7cm,1495602000.0,,13.0,,,,,,
69132,,soil_temperature_0_to_7cm,1495605600.0,,12.7,,,,,,
69132,,soil_temperature_0_to_7cm,1495609200.0,,12.2,,,,,,
69132,,soil_temperature_0_to_7cm,1495612800.0,,11.5,,,,,,
69132,,soil_temperature_0_to_7cm,1495616400.0,,10.9,,,,,,
69132,,soil_temperature_0_to_7cm,1495620000.0,,10.4,,,,,,
69132,,soil_temperature_0_to_7cm,1495623600.0,,9.9,,,,,,
69132,,soil_temperature_0_to_7cm,1495627200.0,,8.9,,,,,,
69132,,soil_temperature_0_to_7cm,1495630800.0,,8.8,,,,,,
69132,,soil_temperature_0_to_7cm,1495634400.0,,8.7,,,,,,
69132,,soil_temperature_0_to_7cm,1495638000.0,,8.6,,,,,,
69132,,soil_temperature_0_to_7cm,1495641600.0,,8.5,,,,,,
69132,,soil_temperature_0_to_7cm,1495645200.0,,8.3,,,,,,
69132,,soil_temperature_0_to_7cm,1495648800.0,,8.1,,,,,,
69132,,soil_temperature_0_to_7cm,1495652400.0,,7.9,,,,,,
69132,,soil_temperature_0_to_7cm,1495656000.0,,7.5,,,,,,
69132,,soil_temperature_0_to_7cm,1495659600.0,,7.1,,,,,,
69132,,soil_temperature_0_to_7cm,1495663200.0,,7.2,,,,,,
69132,,soil_temperature_0_to_7cm,1495666800.0,,8.0,,,,,,
69132,,soil_temperature_7_to_28cm,1495584000.0,,10.6,,,,,,
69132,,soil_temperature_7_to_28cm,1495587600.0,,10.7,,,,,,
69132,,soil_temperature_7_to_28cm,1495591200.0,,10.9,,,,,,
69132,,soil_temperature_7_to_28cm,1495594800.0,,11.0,,,,,,
69132,,soil_temperature_7_to_28cm,1495598400.0,,11.2,,,,,,
69132,,soil_temperature_7_to_28cm,1495602000.0,,11.3,,,,,,
69132,,soil_temperature_7_to_28cm,1495605600.0,,11.5,,,,,,
69132,,soil_temperature_7_to_28cm,1495609200.0,,11.5,,,,,,
69132,,soil_temperature_7_to_28cm,1495612800.0,,11.5,,,,,,
69132,,soil_temperature_7_to_28cm,1495616400.0,,11.5,,,,,,
69132,,soil_temperature_7_to_28cm,1495620000.0,,11.4,,,,,,
69132,,soil_temperature_7_to_28cm,1495623600.0,,11.3,,,,,,
69132,,soil_temperature_7_to_28cm,1495627200.0,,11.2,,,,,,
69132,,soil_temperature_7_to_28cm,1495630800.0,,11.1,,,,,,
69132,,soil_temperature_7_to_28cm,1495634400.0,,10.9,,,,,,
69132,,soil_temperature_7_to_28cm,1495638000.0,,10.7,,,,,,
69132,,soil_temperature_7_to_28cm,1495641600.0,,10.6,,,,,,
69132,,soil_temperature_7_to_28cm,1495645200.0,,10.4,,,,,,
69132,,soil_temperature_7_to_28cm,1495648800.0,,10.3,,,,,,
69132,,soil_temperature_7_to_28cm,1495652400.0,,10.1,,,,,,
69132,,soil_temperature_7_to_28cm,1495656000.0,,9.9,,,,,,
69132,,soil_temperature_7_to_28cm,1495659600.0,,9.8,,,,,,
69132,,soil_temperature_7_to_28cm,1495663200.0,,9.6,,,,,,
69132,,soil_temperature_7_to_28cm,1495666800.0,,9.5,,,,,,
69132,,soil_moisture_0_to_7cm,1495584000.0,,0.371,,,,,,
69132,,soil_moisture_0_to_7cm,1495587600.0,,0.37,,,,,,
69132,,soil_moisture_0_to_7cm,1495591200.0,,0.369,,,,,,
69132,,soil_moisture_0_to_7cm,1495594800.0,,0.368,,,,,,
69132,,soil_moisture_0_to_7cm,1495598400.0,,0.368,,,,,,
69132,,soil_moisture_0_to_7cm,1495602000.0,,0.367,,,,,,
69132,,soil_moisture_0_to_7cm,1495605600.0,,0.366,,,,,,
69132,,soil_moisture_0_to_7cm,1495609200.0,,0.366,,,,,,
69132,,soil_moisture_0_to_7cm,1495612800.0,,0.366,,,,,,
69132,,soil_moisture_0_to_7cm,1495616400.0,,0.366,,,,,,
69132,,soil_moisture_0_to_7cm,1495620000.0,,0.366,,,,,,
69132,,soil_moisture_0_to_7cm,1495623600.0,,0.365,,,,,,
69132,,soil_moisture_0_to_7cm,1495627200.0,,0.364,,,,,,
69132,,soil_moisture_0_to_7cm,1495630800.0,,0.364,,,,,,
69132,,soil_moisture_0_to_7cm,1495634400.0,,0.364,,,,,,
69132,,soil_moisture_0_to_7cm,1495638000.0,,0.364,,,,,,
69132,,soil_moisture_0_to_7cm,1495641600.0,,0.364,,,,,,
69132,,soil_moisture_0_to_7cm,1495645200.0,,0.364,,,,,,
69132,,soil_moisture_0_to_7cm,1495648800.0,,0.364,,,,,,
69132,,soil_moisture_0_to_7cm,1495652400.0,,0.363,,,,,,
69132,,soil_moisture_0_to_7cm,1495656000.0,,0.363,,,,,,
69132,,soil_moisture_0_to_7cm,1495659600.0,,0.363,,,,,,
69132,,soil_moisture_0_to_7cm,1495663200.0,,0.363,,,,,,
69132,,soil_moisture_0_to_7cm,1495666800.0,,0.363,,,,,,
69132,,soil_moisture_7_to_28cm,1495584000.0,,0.378,,,,,,
69132,,soil_moisture_7_to_28cm,1495587600.0,,0.378,,,,,,
69132,,soil_moisture_7_to_28cm,1495591200.0,,0.377,,,,,,
69132,,soil_moisture_7_to_28cm,1495594800.0,,0.377,,,,,,
69132,,soil_moisture_7_to_28cm,1495598400.0,,0.376,,,,,,
69132,,soil_moisture_7_to_28cm,1495602000.0,,0.376,,,,,,
69132,,soil_moisture_7_to_28cm,1495605600.0,,0.376,,,,,,
69132,,soil_moisture_7_to_28cm,1495609200.0,,0.375,,,,,,
69132,,soil_moisture_7_to_28cm,1495612800.0,,0.375,,,,,,
69132,,soil_moisture_7_to_28cm,1495616400.0,,0.375,,,,,,
69132,,soil_moisture_7_to_28cm,1495620000.0,,0.375,,,,,,
69132,,soil_moisture_7_to_28cm,1495623600.0,,0.375,,,,,,
69132,,soil_moisture_7_to_28cm,1495627200.0,,0.374,,,,,,
69132,,soil_moisture_7_to_28cm,1495630800.0,,0.374,,,,,,
69132,,soil_moisture_7_to_28cm,1495634400.0,,0.374,,,,,,
69132,,soil_moisture_7_to_28cm,1495638000.0,,0.374,,,,,,
69132,,soil_moisture_7_to_28cm,1495641600.0,,0.373,,,,,,
69132,,soil_moisture_7_to_28cm,1495645200.0,,0.373,,,,,,
69132,,soil_moisture_7_to_28cm,1495648800.0,,0.373,,,,,,
69132,,soil_moisture_7_to_28cm,1495652400.0,,0.373,,,,,,
69132,,soil_moisture_7_to_28cm,1495656000.0,,0.373,,,,,,
69132,,soil_moisture_7_to_28cm,1495659600.0,,0.373,,,,,,
69132,,soil_moisture_7_to_28cm,1495663200.0,,0.372,,,,,,
69132,,soil_moisture_7_to_28cm,1495666800.0,,0.372,,,,,,
69132,,PressureMean,,,939.69,hPa,,,,,
69132,,soil_moisture_0_to_7cmMean,,,0.37,m3/m3,,,,,
