station_number,area_code,parameter,valid_start,valid_end,value,unit,statistic,level,qc_valid_minutes,qc_valid_start,qc_valid_end
69132,,MeanT,,,,C,,,,,
69132,,MeanRH,,,,%,,,,,
69132,,Precip24h,,,719.5,mm,,,,,
69132,,surface_pressure,1495497600.0,,943.8,,,,,,
69132,,surface_pressure,1495501200.0,,943.2,,,,,,
69132,,surface_pressure,1495504800.0,,942.5,,,,,,
69132,,surface_pressure,1495508400.0,,941.3,,,,,,
69132,,surface_pressure,1495512000.0,,940.6,,,,,,
69132,,surface_pressure,1495515600.0,,940.3,,,,,,
69132,,surface_pressure,1495519200.0,,940.2,,,,,,
69132,,surface_pressure,1495522800.0,,940.2,,,,,,
69132,,surface_pressure,1495526400.0,,940.1,,,,,,
69132,,surface_pressure,1495530000.0,,940.0,,,,,,
69132,,surface_pressure,1495533600.0,,939.8,,,,,,
69132,,surface_pressure,1495537200.0,,939.7,,,,,,
69132,,surface_pressure,1495540800.0,,939.6,,,,,,
69132,,surface_pressure,1495544400.0,,939.5,,,,,,
69132,,surface_pressure,1495548000.0,,938.9,,,,,,
69132,,surface_pressure,1495551600.0,,937.5,,,,,,
69132,,surface_pressure,1495555200.0,,937.0,,,,,,
69132,,surface_pressure,1495558800.0,,936.7,,,,,,
69132,,surface_pressure,1495562400.0,,936.4,,,,,,
69132,,surface_pressure,1495566000.0,,936.4,,,,,,
69132,,surface_pressure,1495569600.0,,936.6,,,,,,
69132,,surface_pressure,1495573200.0,,936.9,,,,,,
69132,,surface_pressure,1495576800.0,,937.6,,,,,,
69132,,surface_pressure,1495580400.0,,937.5,,,,,,
69132,,soil_temperature_0_to_7cm,1495497600.0,,8.7,,,,,,
69132,,soil_temperature_0_to_7cm,1495501200.0,,10.3,,,,,,
69132,,soil_temperature_0_to_7cm,1495504800.0,,11.5,,,,,,
69132,,soil_temperature_0_to_7cm,1495508400.0,,12.4,,,,,,
69132,,soil_temperature_0_to_7cm,1495512000.0,,12.9,,,,,,
69132,,soil_temperature_0_to_7cm,1495515600.0,,13.1,,,,,,
69132,,soil_temperature_0_to_7cm,1495519200.0,,13.0,,,,,,
69132,,soil_temperature_0_to_7cm,1495522800.0,,12.5,,,,,,
69132,,soil_temperature_0_to_7cm,1495526400.0,,11.9,,,,,,
69132,,soil_temperature_0_to_7cm,1495530000.0,,11.3,,,,,,
69132,,soil_temperature_0_to_7cm,1495533600.0,,10.7,,,,,,
69132,,soil_temperature_0_to_7cm,1495537200.0,,10.3,,,,,,
69132,,soil_temperature_0_to_7cm,1495540800.0,,10.5,,,,,,
69132,,soil_temperature_0_to_7cm,1495544400.0,,10.6,,,,,,
69132,,soil_temperature_0_to_7cm,1495548000.0,,10.7,,,,,,
69132,,soil_temperature_0_to_7cm,1495551600.0,,10.3,,,,,,
69132,,soil_temperature_0_to_7cm,1495555200.0,,10.1,,,,,,
69132,,soil_temperature_0_to_7cm,1495558800.0,,10.1,,,,,,
69132,,soil_temperature_0_to_7cm,1495562400.0,,10.1,,,,,,
69132,,soil_temperature_0_to_7cm,1495566000.0,,10.2,,,,,,
69132,,soil_temperature_0_to_7cm,1495569600.0,,10.3,,,,,,
69132,,soil_temperature_0_to_7cm,1495573200.0,,10.3,,,,,,
69132,,soil_temperature_0_to_7cm,1495576800.0,,10.4,,,,,,
69132,,soil_temperature_0_to_7cm,1495580400.0,,10.8,,,,,,
69132,,soil_temperature_7_to_28cm,1495497600.0,,9.5,,,,,,
69132,,soil_temperature_7_to_28cm,1495501200.0,,9.6,,,,,,
69132,,soil_temperature_7_to_28cm,1495504800.0,,9.7,,,,,,
69132,,soil_temperature_7_to_28cm,1495508400.0,,9.9,,,,,,
69132,,soil_temperature_7_to_28cm,1495512000.0,,10.2,,,,,,
69132,,soil_temperature_7_to_28cm,1495515600.0,,10.4,,,,,,
69132,,soil_temperature_7_to_28cm,1495519200.0,,10.7,,,,,,
69132,,soil_temperature_7_to_28cm,1495522800.0,,10.8,,,,,,
69132,,soil_temperature_7_to_28cm,1495526400.0,,10.9,,,,,,
69132,,soil_temperature_7_to_28cm,1495530000.0,,11.0,,,,,,
69132,,soil_temperature_7_to_28cm,1495533600.0,,11.0,,,,,,
69132,,soil_temperature_7_to_28cm,1495537200.0,,11.0,,,,,,
69132,,soil_temperature_7_to_28cm,1495540800.0,,10.8,,,,,,
69132,,soil_temperature_7_to_28cm,1495544400.0,,10.8,,,,,,
69132,,soil_temperature_7_to_28cm,1495548000.0,,10.8,,,,,,
69132,,soil_temperature_7_to_28cm,1495551600.0,,10.8,,,,,,
69132,,soil_temperature_7_to_28cm,1495555200.0,,10.7,,,,,,
69132,,soil_temperature_7_to_28cm,1495558800.0,,10.7,,,,,,
69132,,soil_temperature_7_to_28cm,1495562400.0,,10.7,,,,,,
69132,,soil_temperature_7_to_28cm,1495566000.0,,10.6,,,,,,
69132,,soil_temperature_7_to_28cm,1495569600.0,,10.6,,,,,,
69132,,soil_temperature_7_to_28cm,1495573200.0,,10.6,,,,,,
69132,,soil_temperature_7_to_28cm,1495576800.0,,10.6,,,,,,
69132,,soil_temperature_7_to_28cm,1495580400.0,,10.6,,,,,,
69132,,soil_moisture_0_to_7cm,1495497600.0,,0.376,,,,,,
69132,,soil_moisture_0_to_7cm,1495501200.0,,0.376,,,,,,
69132,,soil_moisture_0_to_7cm,1495504800.0,,0.375,,,,,,
69132,,soil_moisture_0_to_7cm,1495508400.0,,0.374,,,,,,
69132,,soil_moisture_0_to_7cm,1495512000.0,,0.373,,,,,,
69132,,soil_moisture_0_to_7cm,1495515600.0,,0.372,,,,,,
69132,,soil_moisture_0_to_7cm,1495519200.0,,0.372,,,,,,
69132,,soil_moisture_0_to_7cm,1495522800.0,,0.372,,,,,,
69132,,soil_moisture_0_to_7cm,1495526400.0,,0.372,,,,,,
69132,,soil_moisture_0_to_7cm,1495530000.0,,0.371,,,,,,
69132,,soil_moisture_0_to_7cm,1495533600.0,,0.371,,,,,,
69132,,soil_moisture_0_to_7cm,1495537200.0,,0.371,,,,,,
69132,,soil_moisture_0_to_7cm,1495540800.0,,0.371,,,,,,
69132,,soil_moisture_0_to_7cm,1495544400.0,,0.371,,,,,,
69132,,soil_moisture_0_to_7cm,1495548000.0,,0.371,,,,,,
69132,,soil_moisture_0_to_7cm,1495551600.0,,0.371,,,,,,
69132,,soil_moisture_0_to_7cm,1495555200.0,,0.371,,,,,,
69132,,soil_moisture_0_to_7cm,1495558800.0,,0.37,,,,,,
69132,,soil_moisture_0_to_7cm,1495562400.0,,0.37,,,,,,
69132,,soil_moisture_0_to_7cm,1495566000.0,,0.37,,,,,,
69132,,soil_moisture_0_to_7cm,1495569600.0,,0.37,,,,,,
69132,,soil_moisture_0_to_7cm,1495573200.0,,0.37,,,,,,
69132,,soil_moisture_0_to_7cm,1495576800.0,,0.37,,,,,,
69132,,soil_moisture_0_to_7cm,1495580400.0,,0.37,,,,,,
69132,,soil_moisture_7_to_28cm,1495497600.0,,0.385,,,,,,
69132,,soil_moisture_7_to_28cm,1495501200.0,,0.384,,,,,,
69132,,soil_moisture_7_to_28cm,1495504800.0,,0.384,,,,,,
69132,,soil_moisture_7_to_28cm,1495508400.0,,0.383,,,,,,
69132,,soil_moisture_7_to_28cm,1495512000.0,,0.383,,,,,,
69132,,soil_moisture_7_to_28cm,1495515600.0,,0.382,,,,,,
69132,,soil_moisture_7_to_28cm,1495519200.0,,0.382,,,,,,
69132,,soil_moisture_7_to_28cm,1495522800.0,,0.382,,,,,,
69132,,soil_moisture_7_to_28cm,1495526400.0,,0.382,,,,,,
69132,,soil_moisture_7_to_28cm,1495530000.0,,0.381,,,,,,
69132,,soil_moisture_7_to_28cm,1495533600.0,,0.381,,,,,,
69132,,soil_moisture_7_to_28cm,1495537200.0,,0.381,,,,,,
69132,,soil_moisture_7_to_28cm,1495540800.0,,0.381,,,,,,
69132,,soil_moisture_7_to_28cm,1495544400.0,,0.38,,,,,,
69132,,soil_moisture_7_to_28cm,1495548000.0,,0.38,,,,,,
69132,,soil_moisture_7_to_28cm,1495551600.0,,0.38,,,,,,
69132,,soil_moisture_7_to_28cm,1495555200.0,,0.38,,,,,,
69132,,soil_moisture_7_to_28cm,1495558800.0,,0.379,,,,,,
69132,,soil_moisture_7_to_28cm,1495562400.0,,0.379,,,,,,
69132,,soil_moisture_7_to_28cm,1495566000.0,,0.379,,,,,,
69132,,soil_moisture_7_to_28cm,1495569600.0,,0.379,,,,,,
69132,,soil_moisture_7_to_28cm,1495573200.0,,0.379,,,,,,
69132,,soil_moisture_7_to_28cm,1495576800.0,,0.378,,,,,,
69132,,soil_moisture_7_to_28cm,1495580400.0,,0.378,,,,,,
69132,,PressureMean,,,939.26,hPa,,,,,
69132,,soil_moisture_0_to_7cmMean,,,0.37,m3/m3,,,,,
