station_number,area_code,parameter,valid_start,valid_end,value,unit,statistic,level,qc_valid_minutes,qc_valid_start,qc_valid_end
69132,NSW_PT019,Precip,1505433600.0,1505437200.0,0.0,mm,sum,SFC,33.0,1505433600.0,1505435580.0
69132,NSW_PT019,T,1505433600.0,1505437200.0,12.2,Celsius,first,SFC,0.0,1505433600.0,1505433600.0
69132,NSW_PT019,RH,1505433600.0,1505437200.0,53.0,%,first,SFC,0.0,1505433600.0,1505433600.0
69132,,MeanT,,,12.2,C,,,,,
69132,,MeanRH,,,53.0,%,,,,,
69132,,Precip24h,,,1005.6,mm,,,,,
69132,,surface_pressure,1494806400.0,,941.4,,,,,,
69132,,surface_pressure,1494810000.0,,941.2,,,,,,
69132,,surface_pressure,1494813600.0,,940.3,,,,,,
69132,,surface_pressure,1494817200.0,,939.7,,,,,,
69132,,surface_pressure,1494820800.0,,938.8,,,,,,
69132,,surface_pressure,1494824400.0,,938.6,,,,,,
69132,,surface_pressure,1494828000.0,,938.7,,,,,,
69132,,surface_pressure,1494831600.0,,938.7,,,,,,
69132,,surface_pressure,1494835200.0,,939.4,,,,,,
69132,,surface_pressure,1494838800.0,,939.6,,,,,,
69132,,surface_pressure,1494842400.0,,939.4,,,,,,
69132,,surface_pressure,1494846000.0,,939.5,,,,,,
69132,,surface_pressure,1494849600.0,,939.3,,,,,,
69132,,surface_pressure,1494853200.0,,939.1,,,,,,
69132,,surface_pressure,1494856800.0,,939.1,,,,,,
69132,,surface_pressure,1494860400.0,,939.1,,,,,,
69132,,surface_pressure,1494864000.0,,938.9,,,,,,
69132,,surface_pressure,1494867600.0,,938.6,,,,,,
69132,,surface_pressure,1494871200.0,,938.3,,,,,,
69132,,surface_pressure,1494874800.0,,938.5,,,,,,
69132,,surface_pressure,1494878400.0,,939.1,,,,,,
69132,,surface_pressure,1494882000.0,,939.4,,,,,,
69132,,surface_pressure,1494885600.0,,940.8,,,,,,
69132,,surface_pressure,1494889200.0,,941.5,,,,,,
69132,,soil_temperature_0_to_7cm,1494806400.0,,9.8,,,,,,
69132,,soil_temperature_0_to_7cm,1494810000.0,,10.6,,,,,,
69132,,soil_temperature_0_to_7cm,1494813600.0,,11.2,,,,,,
69132,,soil_temperature_0_to_7cm,1494817200.0,,11.8,,,,,,
69132,,soil_temperature_0_to_7cm,1494820800.0,,12.2,,,,,,
69132,,soil_temperature_0_to_7cm,1494824400.0,,12.3,,,,,,
69132,,soil_temperature_0_to_7cm,1494828000.0,,12.1,,,,,,
69132,,soil_temperature_0_to_7cm,1494831600.0,,11.6,,,,,,
69132,,soil_temperature_0_to_7cm,1494835200.0,,11.1,,,,,,
69132,,soil_temperature_0_to_7cm,1494838800.0,,10.7,,,,,,
69132,,soil_temperature_0_to_7cm,1494842400.0,,10.3,,,,,,
69132,,soil_temperature_0_to_7cm,1494846000.0,,10.0,,,,,,
69132,,soil_temperature_0_to_7cm,1494849600.0,,8.9,,,,,,
69132,,soil_temperature_0_to_7cm,1494853200.0,,8.8,,,,,,
69132,,soil_temperature_0_to_7cm,1494856800.0,,8.7,,,,,,
69132,,soil_temperature_0_to_7cm,1494860400.0,,8.5,,,,,,
69132,,soil_temperature_0_to_7cm,1494864000.0,,8.3,,,,,,
69132,,soil_temperature_0_to_7cm,1494867600.0,,8.2,,,,,,
69132,,soil_temperature_0_to_7cm,1494871200.0,,8.0,,,,,,
69132,,soil_temperature_0_to_7cm,1494874800.0,,7.7,,,,,,
69132,,soil_temperature_0_to_7cm,1494878400.0,,7.5,,,,,,
69132,,soil_temperature_0_to_7cm,1494882000.0,,7.3,,,,,,
69132,,soil_temperature_0_to_7cm,1494885600.0,,7.5,,,,,,
69132,,soil_temperature_0_to_7cm,1494889200.0,,8.2,,,,,,
69132,,soil_temperature_7_to_28cm,1494806400.0,,10.0,,,,,,
69132,,soil_temperature_7_to_28cm,1494810000.0,,10.0,,,,,,
69132,,soil_temperature_7_to_28cm,1494813600.0,,10.1,,,,,,
69132,,soil_temperature_7_to_28cm,1494817200.0,,10.3,,,,,,
69132,,soil_temperature_7_to_28cm,1494820800.0,,10.4,,,,,,
69132,,soil_temperature_7_to_28cm,1494824400.0,,10.6,,,,,,
69132,,soil_temperature_7_to_28cm,1494828000.0,,10.7,,,,,,
69132,,soil_temperature_7_to_28cm,1494831600.0,,10.8,,,,,,
69132,,soil_temperature_7_to_28cm,1494835200.0,,10.9,,,,,,
69132,,soil_temperature_7_to_28cm,1494838800.0,,10.9,,,,,,
69132,,soil_temperature_7_to_28cm,1494842400.0,,10.8,,,,,,
69132,,soil_temperature_7_to_28cm,1494846000.0,,10.8,,,,,,
69132,,soil_temperature_7_to_28cm,1494849600.0,,10.6,,,,,,
69132,,soil_temperature_7_to_28cm,1494853200.0,,10.5,,,,,,
69132,,soil_temperature_7_to_28cm,1494856800.0,,10.3,,,,,,
69132,,soil_temperature_7_to_28cm,1494860400.0,,10.2,,,,,,
69132,,soil_temperature_7_to_28cm,1494864000.0,,10.1,,,,,,
69132,,soil_temperature_7_to_28cm,1494867600.0,,10.0,,,,,,
69132,,soil_temperature_7_to_28cm,1494871200.0,,9.8,,,,,,
69132,,soil_temperature_7_to_28cm,1494874800.0,,9.7,,,,,,
69132,,soil_temperature_7_to_28cm,1494878400.0,,9.6,,,,,,
69132,,soil_temperature_7_to_28cm,1494882000.0,,9.4,,,,,,
69132,,soil_temperature_7_to_28cm,1494885600.0,,9.3,,,,,,
69132,,soil_temperature_7_to_28cm,1494889200.0,,9.3,,,,,,
69132,,soil_moisture_0_to_7cm,1494806400.0,,0.35,,,,,,
69132,,soil_moisture_0_to_7cm,1494810000.0,,0.349,,,,,,
69132,,soil_moisture_0_to_7cm,1494813600.0,,0.347,,,,,,
69132,,soil_moisture_0_to_7cm,1494817200.0,,0.346,,,,,,
69132,,soil_moisture_0_to_7cm,1494820800.0,,0.345,,,,,,
69132,,soil_moisture_0_to_7cm,1494824400.0,,0.344,,,,,,
69132,,soil_moisture_0_to_7cm,1494828000.0,,0.343,,,,,,
69132,,soil_moisture_0_to_7cm,1494831600.0,,0.343,,,,,,
69132,,soil_moisture_0_to_7cm,1494835200.0,,0.342,,,,,,
69132,,soil_moisture_0_to_7cm,1494838800.0,,0.342,,,,,,
69132,,soil_moisture_0_to_7cm,1494842400.0,,0.341,,,,,,
69132,,soil_moisture_0_to_7cm,1494846000.0,,0.341,,,,,,
69132,,soil_moisture_0_to_7cm,1494849600.0,,0.341,,,,,,
69132,,soil_moisture_0_to_7cm,1494853200.0,,0.34,,,,,,
69132,,soil_moisture_0_to_7cm,1494856800.0,,0.34,,,,,,
69132,,soil_moisture_0_to_7cm,1494860400.0,,0.34,,,,,,
69132,,soil_moisture_0_to_7cm,1494864000.0,,0.339,,,,,,
69132,,soil_moisture_0_to_7cm,1494867600.0,,0.339,,,,,,
69132,,soil_moisture_0_to_7cm,1494871200.0,,0.339,,,,,,
69132,,soil_moisture_0_to_7cm,1494874800.0,,0.338,,,,,,
69132,,soil_moisture_0_to_7cm,1494878400.0,,0.338,,,,,,
69132,,soil_moisture_0_to_7cm,1494882000.0,,0.338,,,,,,
69132,,soil_moisture_0_to_7cm,1494885600.0,,0.337,,,,,,
69132,,soil_moisture_0_to_7cm,1494889200.0,,0.337,,,,,,
69132,,soil_moisture_7_to_28cm,1494806400.0,,0.324,,,,,,
69132,,soil_moisture_7_to_28cm,1494810000.0,,0.324,,,,,,
69132,,soil_moisture_7_to_28cm,1494813600.0,,0.324,,,,,,
69132,,soil_moisture_7_to_28cm,1494817200.0,,0.324,,,,,,
69132,,soil_moisture_7_to_28cm,1494820800.0,,0.324,,,,,,
69132,,soil_moisture_7_to_28cm,1494824400.0,,0.324,,,,,,
69132,,soil_moisture_7_to_28cm,1494828000.0,,0.324,,,,,,
69132,,soil_moisture_7_to_28cm,1494831600.0,,0.324,,,,,,
69132,,soil_moisture_7_to_28cm,1494835200.0,,0.325,,,,,,
69132,,soil_moisture_7_to_28cm,1494838800.0,,0.325,,,,,,
69132,,soil_moisture_7_to_28cm,1494842400.0,,0.325,,,,,,
69132,,soil_moisture_7_to_28cm,1494846000.0,,0.325,,,,,,
69132,,soil_moisture_7_to_28cm,1494849600.0,,0.325,,,,,,
69132,,soil_moisture_7_to_28cm,1494853200.0,,0.325,,,,,,
69132,,soil_moisture_7_to_28cm,1494856800.0,,0.325,,,,,,
69132,,soil_moisture_7_to_28cm,1494860400.0,,0.325,,,,,,
69132,,soil_moisture_7_to_28cm,1494864000.0,,0.325,,,,,,
69132,,soil_moisture_7_to_28cm,1494867600.0,,0.326,,,,,,
69132,,soil_moisture_7_to_28cm,1494871200.0,,0.326,,,,,,
69132,,soil_moisture_7_to_28cm,1494874800.0,,0.326,,,,,,
69132,,soil_moisture_7_to_28cm,1494878400.0,,0.326,,,,,,
69132,,soil_moisture_7_to_28cm,1494882000.0,,0.326,,,,,,
69132,,soil_moisture_7_to_28cm,1494885600.0,,0.326,,,,,,
69132,,soil_moisture_7_to_28cm,1494889200.0,,0.326,,,,,,
69132,,PressureMean,,,939.46,hPa,,,,,
69132,,soil_moisture_0_to_7cmMean,,,0.34,m3/m3,,,,,
