{
    "days": [
        {
            "datetime": 1501804800.0,
            "temp": 6.44,
            "humidity": 72.88,
            "precip": 887.4000000000001,
            "pressure": 951.94,
            "precipprob": 100
        },
        {
            "datetime": 1501891200.0,
            "temp": 7.08,
            "humidity": 64.42,
            "precip": 1104.0,
            "pressure": 948.28,
            "precipprob": 100
        },
        {
            "datetime": 1502031600.0,
            "temp": 5.0,
            "humidity": 77.79,
            "precip": 1.11808,
            "precipprob": 34.0
        }
    ]
}