{
    "days": [
        {
            "datetime": 1504569600.0,
            "temp": 5.88,
            "humidity": 64.04,
            "precip": 831.1999999999999,
            "pressure": 948.28,
            "precipprob": 100
        },
        {
            "datetime": 1504656000.0,
            "temp": 6.97,
            "humidity": 68.08,
            "precip": 507.6000000000001,
            "pressure": 943.54,
            "precipprob": 100
        },
        {
            "datetime": 1504796400.0,
            "temp": 6.82,
            "humidity": 69.88,
            "precip": 0.123197,
            "precipprob": 27.0
        }
    ]
}