{
    "days": [
        {
            "datetime": 1502150400.0,
            "temp": 6.2,
            "humidity": 65.88,
            "precip": 1291.4,
            "pressure": 948.5,
            "precipprob": 100
        },
        {
            "datetime": 1502236800.0,
            "temp": 8.2,
            "humidity": 72.04,
            "precip": 320.80000000000007,
            "pressure": 946.99,
            "precipprob": 100
        },
        {
            "datetime": 1502377200.0,
            "temp": 9.96,
            "humidity": 54.96,
            "precip": 0.00200232,
            "precipprob": 1.0
        }
    ]
}