{
    "days": [
        {
            "datetime": 1496534400.0,
            "temp": 3.2,
            "humidity": 87.96,
            "precip": 160.8,
            "pressure": 951.94,
            "precipprob": 100
        },
        {
            "datetime": 1496620800.0,
            "temp": 4.87,
            "humidity": 82.5,
            "precip": 649.0000000000001,
            "pressure": 948.28,
            "precipprob": 100
        },
        {
            "datetime": 1496761200.0,
            "temp": 6.4,
            "humidity": 73.08,
            "precip": 5.76705,
            "precipprob": 74.0
        }
    ]
}