{
    "days": [
        {
            "datetime": 1494288000.0,
            "temp": 5.43,
            "humidity": 79.88,
            "precip": 0.2,
            "pressure": 946.99,
            "precipprob": 100
        },
        {
            "datetime": 1494374400.0,
            "temp": 5.86,
            "humidity": 81.17,
            "precip": 0.0,
            "pressure": 945.44,
            "precipprob": 0
        },
        {
            "datetime": 1494514800.0,
            "temp": 7.81,
            "humidity": 85.92,
            "precip": 0.0,
            "precipprob": 1.0
        }
    ]
}