{
    "days": [
        {
            "datetime": 1503705600.0,
            "temp": 6.35,
            "humidity": 65.54,
            "precip": 811.8,
            "pressure": 944.05,
            "precipprob": 100
        },
        {
            "datetime": 1503792000.0,
            "temp": 3.6,
            "humidity": 65.71,
            "precip": 286.2,
            "pressure": 938.13,
            "precipprob": 100
        },
        {
            "datetime": 1503932400.0,
            "temp": 3.22,
            "humidity": 66.12,
            "precip": 0.002,
            "precipprob": 1.0
        }
    ]
}