{
    "days": [
        {
            "datetime": 1498348800.0,
            "temp": 4.86,
            "humidity": 71.12,
            "precip": 419.6,
            "pressure": 941.79,
            "precipprob": 100
        },
        {
            "datetime": 1498435200.0,
            "temp": 4.67,
            "humidity": 77.92,
            "precip": 216.2,
            "pressure": 944.05,
            "precipprob": 100
        },
        {
            "datetime": 1498575600.0,
            "temp": 4.92,
            "humidity": 86.88,
            "precip": 0.0156208,
            "precipprob": 7.0
        }
    ]
}