{
    "days": [
        {
            "datetime": 1503100800.0,
            "temp": 3.63,
            "humidity": 56.04,
            "precip": 286.8,
            "pressure": 943.37,
            "precipprob": 100
        },
        {
            "datetime": 1503187200.0,
            "temp": 5.1,
            "humidity": 74.0,
            "precip": 580.4000000000001,
            "pressure": 940.66,
            "precipprob": 100
        },
        {
            "datetime": 1503327600.0,
            "temp": 5.07,
            "humidity": 66.33,
            "precip": 0.002,
            "precipprob": 1.0
        }
    ]
}