{
    "days": [
        {
            "datetime": 1497571200.0,
            "temp": 8.11,
            "humidity": 91.46,
            "precip": 264.0,
            "pressure": 941.44,
            "precipprob": 100
        },
        {
            "datetime": 1497657600.0,
            "temp": 8.02,
            "humidity": 90.12,
            "precip": 231.2,
            "pressure": 945.87,
            "precipprob": 100
        },
        {
            "datetime": 1497798000.0,
            "temp": 4.7,
            "humidity": 88.83,
            "precip": 0.089283,
            "precipprob": 8.0
        }
    ]
}