{
    "days": [
        {
            "datetime": 1501718400.0,
            "temp": 7.12,
            "humidity": 88.5,
            "precip": 2006.7,
            "pressure": 951.26,
            "precipprob": 100
        },
        {
            "datetime": 1501804800.0,
            "temp": 6.44,
            "humidity": 72.88,
            "precip": 887.4000000000001,
            "pressure": 951.94,
            "precipprob": 100
        },
        {
            "datetime": 1501945200.0,
            "temp": 5.52,
            "humidity": 65.0,
            "precip": 2.121,
            "precipprob": 23.0
        }
    ]
}