{
    "days": [
        {
            "datetime": 1504483200.0,
            "temp": 6.15,
            "humidity": 67.71,
            "precip": 783.0,
            "pressure": 951.94,
            "precipprob": 100
        },
        {
            "datetime": 1504569600.0,
            "temp": 5.88,
            "humidity": 64.04,
            "precip": 831.1999999999999,
            "pressure": 948.28,
            "precipprob": 100
        },
        {
            "datetime": 1504710000.0,
            "temp": 5.97,
            "humidity": 71.54,
            "precip": 0.018,
            "precipprob": 7.0
        }
    ]
}