{
    "days": [
        {
            "datetime": 1494374400.0,
            "temp": 5.86,
            "humidity": 81.17,
            "precip": 0.0,
            "pressure": 945.44,
            "precipprob": 0
        },
        {
            "datetime": 1494460800.0,
            "temp": 7.69,
            "humidity": 80.58,
            "precip": 0.0,
            "pressure": 947.28,
            "precipprob": 0
        },
        {
            "datetime": 1494601200.0,
            "temp": 9.01,
            "humidity": 82.62,
            "precip": 0.0540032,
            "precipprob": 12.0
        }
    ]
}