{
    "days": [
        {
            "datetime": NaN,
            "temp": NaN,
            "humidity": NaN,
            "precip": 33.0,
            "pressure": 945.87,
            "precipprob": 100
        },
        {
            "datetime": NaN,
            "temp": NaN,
            "humidity": NaN,
            "precip": 1130.6,
            "pressure": 948.93,
            "precipprob": 100
        },
        {
            "datetime": 1505833200.0,
            "temp": 6.3,
            "humidity": 63.46,
            "precip": 0.0,
            "precipprob": 2.0
        }
    ]
}