{
    "days": [
        {
            "datetime": 1495411200.0,
            "temp": 10.23,
            "humidity": 82.67,
            "precip": 0.2,
            "pressure": 944.51,
            "precipprob": 100
        },
        {
            "datetime": 1495497600.0,
            "temp": 11.66,
            "humidity": 81.38,
            "precip": 1.8,
            "pressure": 939.26,
            "precipprob": 100
        },
        {
            "datetime": 1495638000.0,
            "temp": 8.38,
            "humidity": 77.42,
            "precip": 0.0,
            "precipprob": 0.0
        }
    ]
}