{
    "days": [
        {
            "datetime": 1496102400.0,
            "temp": 6.9,
            "humidity": 67.92,
            "precip": 0.0,
            "pressure": 944.71,
            "precipprob": 0
        },
        {
            "datetime": 1496188800.0,
            "temp": 3.9,
            "humidity": 69.17,
            "precip": 0.0,
            "pressure": 951.11,
            "precipprob": 0
        },
        {
            "datetime": 1496329200.0,
            "temp": 3.67,
            "humidity": 80.29,
            "precip": 0.008,
            "precipprob": 3.0
        }
    ]
}