{
    "days": [
        {
            "datetime": 1497398400.0,
            "temp": 4.57,
            "humidity": 85.43,
            "precip": 386.6,
            "pressure": 943.16,
            "precipprob": 100
        },
        {
            "datetime": 1497484800.0,
            "temp": 5.05,
            "humidity": 88.71,
            "precip": 141.8,
            "pressure": 939.46,
            "precipprob": 100
        },
        {
            "datetime": 1497625200.0,
            "temp": 6.02,
            "humidity": 90.88,
            "precip": 0.276695,
            "precipprob": 8.0
        }
    ]
}