{
    "days": [
        {
            "datetime": 1499817600.0,
            "temp": 1.86,
            "humidity": 81.05,
            "precip": 461.8,
            "pressure": 946.65,
            "precipprob": 100
        },
        {
            "datetime": 1499904000.0,
            "temp": 6.27,
            "humidity": 73.21,
            "precip": 816.0,
            "pressure": 945.65,
            "precipprob": 100
        },
        {
            "datetime": 1500044400.0,
            "temp": 5.76,
            "humidity": 78.04,
            "precip": 0.0303095,
            "precipprob": 6.0
        }
    ]
}