{
    "days": [
        {
            "datetime": 1502236800.0,
            "temp": 8.2,
            "humidity": 72.04,
            "precip": 320.80000000000007,
            "pressure": 946.99,
            "precipprob": 100
        },
        {
            "datetime": 1502323200.0,
            "temp": 13.15,
            "humidity": 40.33,
            "precip": 411.6,
            "pressure": 945.44,
            "precipprob": 100
        },
        {
            "datetime": 1502463600.0,
            "temp": 7.82,
            "humidity": 61.38,
            "precip": 0.0235294,
            "precipprob": 7.0
        }
    ]
}