{
    "days": [
        {
            "datetime": 1501372800.0,
            "temp": 11.28,
            "humidity": 60.58,
            "precip": 759.8,
            "pressure": 944.71,
            "precipprob": 100
        },
        {
            "datetime": 1501459200.0,
            "temp": 5.55,
            "humidity": 85.62,
            "precip": 1381.6,
            "pressure": 951.11,
            "precipprob": 100
        },
        {
            "datetime": 1501599600.0,
            "temp": 3.26,
            "humidity": 77.17,
            "precip": 0.04,
            "precipprob": 2.0
        }
    ]
}