{
    "days": [
        {
            "datetime": 1499299200.0,
            "temp": 3.04,
            "humidity": 77.58,
            "precip": 902.3,
            "pressure": 943.54,
            "precipprob": 100
        },
        {
            "datetime": 1499385600.0,
            "temp": 4.33,
            "humidity": 70.79,
            "precip": 493.0,
            "pressure": 946.66,
            "precipprob": 100
        },
        {
            "datetime": 1499526000.0,
            "temp": 3.67,
            "humidity": 81.58,
            "precip": 0.024,
            "precipprob": 6.0
        }
    ]
}