{
    "days": [
        {
            "datetime": 1494201600.0,
            "temp": 5.56,
            "humidity": 77.04,
            "precip": 0.0,
            "pressure": 948.5,
            "precipprob": 0
        },
        {
            "datetime": 1494288000.0,
            "temp": 5.43,
            "humidity": 79.88,
            "precip": 0.2,
            "pressure": 946.99,
            "precipprob": 100
        },
        {
            "datetime": 1494428400.0,
            "temp": 7.32,
            "humidity": 81.0,
            "precip": 0.0667164,
            "precipprob": 1.0
        }
    ]
}