{
    "days": [
        {
            "datetime": 1500336000.0,
            "temp": 7.26,
            "humidity": 69.42,
            "precip": 1410.9,
            "pressure": 948.93,
            "precipprob": 100
        },
        {
            "datetime": 1500422400.0,
            "temp": 5.74,
            "humidity": 71.92,
            "precip": 770.0000000000001,
            "pressure": 943.37,
            "precipprob": 100
        },
        {
            "datetime": 1500562800.0,
            "temp": 2.79,
            "humidity": 73.17,
            "precip": 0.0,
            "precipprob": 2.0
        }
    ]
}