{
    "days": [
        {
            "datetime": 1494028800.0,
            "temp": 11.36,
            "humidity": 72.38,
            "precip": 0.0,
            "pressure": 943.54,
            "precipprob": 0
        },
        {
            "datetime": 1494115200.0,
            "temp": 5.52,
            "humidity": 63.62,
            "precip": 0.0,
            "pressure": 946.66,
            "precipprob": 0
        },
        {
            "datetime": 1494255600.0,
            "temp": 7.4,
            "humidity": 72.54,
            "precip": 0.0,
            "precipprob": 1.0
        }
    ]
}