{
    "days": [
        {
            "datetime": 1495843200.0,
            "temp": 8.18,
            "humidity": 82.83,
            "precip": 0.0,
            "pressure": 938.13,
            "precipprob": 0
        },
        {
            "datetime": 1495929600.0,
            "temp": 8.35,
            "humidity": 66.75,
            "precip": 0.0,
            "pressure": 934.25,
            "precipprob": 0
        },
        {
            "datetime": 1496070000.0,
            "temp": 3.28,
            "humidity": 74.75,
            "precip": 0.0633481,
            "precipprob": 8.0
        }
    ]
}