{
    "days": [
        {
            "datetime": 1496016000.0,
            "temp": 2.98,
            "humidity": 76.29,
            "precip": 0.0,
            "pressure": 942.28,
            "precipprob": 0
        },
        {
            "datetime": 1496102400.0,
            "temp": 6.9,
            "humidity": 67.92,
            "precip": 0.0,
            "pressure": 944.71,
            "precipprob": 0
        },
        {
            "datetime": 1496242800.0,
            "temp": 3.68,
            "humidity": 71.25,
            "precip": 0.024,
            "precipprob": 7.0
        }
    ]
}