{
    "days": [
        {
            "datetime": 1495152000.0,
            "temp": 12.6,
            "humidity": 91.75,
            "precip": 15.4,
            "pressure": 943.37,
            "precipprob": 100
        },
        {
            "datetime": 1495238400.0,
            "temp": 8.26,
            "humidity": 82.71,
            "precip": 0.0,
            "pressure": 940.66,
            "precipprob": 0
        },
        {
            "datetime": 1495378800.0,
            "temp": 7.97,
            "humidity": 87.21,
            "precip": 0.0,
            "precipprob": 0.0
        }
    ]
}