{
    "days": [
        {
            "datetime": 1496188800.0,
            "temp": 3.9,
            "humidity": 69.17,
            "precip": 0.0,
            "pressure": 951.11,
            "precipprob": 0
        },
        {
            "datetime": 1496275200.0,
            "temp": 5.02,
            "humidity": 68.83,
            "precip": 112.0,
            "pressure": 938.62,
            "precipprob": 100
        },
        {
            "datetime": 1496415600.0,
            "temp": 3.94,
            "humidity": 81.54,
            "precip": 1.22644,
            "precipprob": 7.0
        }
    ]
}