{
    "days": [
        {
            "datetime": 1493596800.0,
            "temp": 13.3,
            "humidity": 68.42,
            "precip": 0.0,
            "pressure": 938.62,
            "precipprob": 0
        },
        {
            "datetime": 1493683200.0,
            "temp": 8.78,
            "humidity": 75.0,
            "precip": 0.0,
            "pressure": 943.87,
            "precipprob": 0
        },
        {
            "datetime": 1493823600.0,
            "temp": 6.56,
            "humidity": 71.58,
            "precip": 0.018,
            "precipprob": 9.0
        }
    ]
}