{
    "days": [
        {
            "datetime": 1505174400.0,
            "temp": 17.31,
            "humidity": 31.92,
            "precip": 456.0,
            "pressure": 946.65,
            "precipprob": 100
        },
        {
            "datetime": 1505260800.0,
            "temp": 11.85,
            "humidity": 48.0,
            "precip": 899.8000000000001,
            "pressure": 945.65,
            "precipprob": 100
        },
        {
            "datetime": 1505401200.0,
            "temp": 6.58,
            "humidity": 59.67,
            "precip": 0.231085,
            "precipprob": 6.0
        }
    ]
}