{
    "days": [
        {
            "datetime": 1494720000.0,
            "temp": 10.01,
            "humidity": 88.33,
            "precip": 3.2,
            "pressure": 943.16,
            "precipprob": 100
        },
        {
            "datetime": 1494806400.0,
            "temp": 8.48,
            "humidity": 78.29,
            "precip": 0.0,
            "pressure": 939.46,
            "precipprob": 0
        },
        {
            "datetime": 1494946800.0,
            "temp": 7.33,
            "humidity": 75.92,
            "precip": 0.008,
            "precipprob": 3.0
        }
    ]
}