{
    "days": [
        {
            "datetime": 1495584000.0,
            "temp": 6.31,
            "humidity": 77.96,
            "precip": 0.0,
            "pressure": 939.69,
            "precipprob": 0
        },
        {
            "datetime": 1495670400.0,
            "temp": 5.92,
            "humidity": 85.54,
            "precip": 0.2,
            "pressure": 941.79,
            "precipprob": 100
        },
        {
            "datetime": 1495810800.0,
            "temp": 6.97,
            "humidity": 86.29,
            "precip": 0.0239898,
            "precipprob": 6.0
        }
    ]
}