{
    "days": [
        {
            "datetime": NaN,
            "temp": NaN,
            "humidity": NaN,
            "precip": 719.5,
            "pressure": 939.26,
            "precipprob": 100
        },
        {
            "datetime": NaN,
            "temp": NaN,
            "humidity": NaN,
            "precip": 1194.2,
            "pressure": 939.69,
            "precipprob": 100
        },
        {
            "datetime": 1506351600.0,
            "temp": 9.31,
            "humidity": 61.54,
            "precip": 0.0478853,
            "precipprob": 9.0
        }
    ]
}