{
    "days": [
        {
            "datetime": 1506556800.0,
            "temp": 12.46,
            "humidity": 55.71,
            "precip": 305.9,
            "pressure": 934.25,
            "precipprob": 100
        },
        {
            "datetime": 1506643200.0,
            "temp": 13.02,
            "humidity": 41.12,
            "precip": 669.2,
            "pressure": 942.28,
            "precipprob": 100
        },
        {
            "datetime": 1506783600.0,
            "temp": 8.33,
            "humidity": 52.33,
            "precip": 0.0180773,
            "precipprob": 1.0
        }
    ]
}