{
    "days": [
        {
            "datetime": 1505952000.0,
            "temp": 15.57,
            "humidity": 34.75,
            "precip": 400.4,
            "pressure": 943.94,
            "precipprob": 100
        },
        {
            "datetime": 1506038400.0,
            "temp": 15.73,
            "humidity": 29.25,
            "precip": 654.2,
            "pressure": 944.51,
            "precipprob": 100
        },
        {
            "datetime": 1506178800.0,
            "temp": 19.94,
            "humidity": 30.75,
            "precip": 0.002,
            "precipprob": 1.0
        }
    ]
}