{
    "days": [
        {
            "datetime": 1500940800.0,
            "temp": 10.24,
            "humidity": 60.79,
            "precip": 767.9000000000001,
            "pressure": 941.79,
            "precipprob": 100
        },
        {
            "datetime": 1501027200.0,
            "temp": 5.1,
            "humidity": 67.0,
            "precip": 364.9,
            "pressure": 944.05,
            "precipprob": 100
        },
        {
            "datetime": 1501167600.0,
            "temp": 5.53,
            "humidity": 72.21,
            "precip": 2.7875,
            "precipprob": 33.0
        }
    ]
}