{
    "days": [
        {
            "datetime": 1503014400.0,
            "temp": 5.33,
            "humidity": 58.04,
            "precip": 869.6,
            "pressure": 948.93,
            "precipprob": 100
        },
        {
            "datetime": 1503100800.0,
            "temp": 3.63,
            "humidity": 56.04,
            "precip": 286.8,
            "pressure": 943.37,
            "precipprob": 100
        },
        {
            "datetime": 1503241200.0,
            "temp": 4.43,
            "humidity": 68.12,
            "precip": 0.544894,
            "precipprob": 21.0
        }
    ]
}