{
    "days": [
        {
            "datetime": 1498089600.0,
            "temp": 3.67,
            "humidity": 83.12,
            "precip": 620.8,
            "pressure": 944.51,
            "precipprob": 100
        },
        {
            "datetime": 1498176000.0,
            "temp": 6.88,
            "humidity": 69.21,
            "precip": 537.8,
            "pressure": 939.26,
            "precipprob": 100
        },
        {
            "datetime": 1498316400.0,
            "temp": 3.45,
            "humidity": 81.71,
            "precip": 0.002,
            "precipprob": 1.0
        }
    ]
}