{
    "days": [
        {
            "datetime": 1496620800.0,
            "temp": 4.87,
            "humidity": 82.5,
            "precip": 649.0000000000001,
            "pressure": 948.28,
            "precipprob": 100
        },
        {
            "datetime": 1496707200.0,
            "temp": 6.4,
            "humidity": 77.04,
            "precip": 960.0,
            "pressure": 943.54,
            "precipprob": 100
        },
        {
            "datetime": 1496847600.0,
            "temp": 6.41,
            "humidity": 93.75,
            "precip": 1.19003,
            "precipprob": 39.0
        }
    ]
}