{
    "days": [
        {
            "datetime": 1498176000.0,
            "temp": 6.88,
            "humidity": 69.21,
            "precip": 537.8,
            "pressure": 939.26,
            "precipprob": 100
        },
        {
            "datetime": 1498262400.0,
            "temp": 3.24,
            "humidity": 77.46,
            "precip": 275.6,
            "pressure": 939.69,
            "precipprob": 100
        },
        {
            "datetime": 1498402800.0,
            "temp": 3.98,
            "humidity": 77.96,
            "precip": 0.0125856,
            "precipprob": 3.0
        }
    ]
}