{
    "days": [
        {
            "datetime": 1499644800.0,
            "temp": 1.72,
            "humidity": 76.54,
            "precip": 509.2000000000001,
            "pressure": 945.44,
            "precipprob": 100
        },
        {
            "datetime": 1499731200.0,
            "temp": 1.73,
            "humidity": 80.17,
            "precip": 733.5999999999999,
            "pressure": 947.28,
            "precipprob": 100
        },
        {
            "datetime": 1499871600.0,
            "temp": 2.78,
            "humidity": 83.08,
            "precip": 0.002,
            "precipprob": 1.0
        }
    ]
}