{
    "days": [
        {
            "datetime": 1505088000.0,
            "temp": 12.64,
            "humidity": 47.42,
            "precip": 309.0,
            "pressure": 947.28,
            "precipprob": 100
        },
        {
            "datetime": 1505174400.0,
            "temp": 17.31,
            "humidity": 31.92,
            "precip": 456.0,
            "pressure": 946.65,
            "precipprob": 100
        },
        {
            "datetime": 1505314800.0,
            "temp": 9.8,
            "humidity": 55.0,
            "precip": 0.386152,
            "precipprob": 7.0
        }
    ]
}