{
    "days": [
        {
            "datetime": 1500768000.0,
            "temp": 8.6,
            "humidity": 58.0,
            "precip": 633.8000000000001,
            "pressure": 939.26,
            "precipprob": 100
        },
        {
            "datetime": 1500854400.0,
            "temp": 5.55,
            "humidity": 74.12,
            "precip": 304.6,
            "pressure": 939.69,
            "precipprob": 100
        },
        {
            "datetime": 1500994800.0,
            "temp": 7.65,
            "humidity": 68.71,
            "precip": 0.207004,
            "precipprob": 10.0
        }
    ]
}