{
    "days": [
        {
            "datetime": 1493856000.0,
            "temp": 7.82,
            "humidity": 84.12,
            "precip": 0.0,
            "pressure": 951.94,
            "precipprob": 0
        },
        {
            "datetime": 1493942400.0,
            "temp": 9.79,
            "humidity": 78.5,
            "precip": 0.0,
            "pressure": 948.28,
            "precipprob": 0
        },
        {
            "datetime": 1494082800.0,
            "temp": 11.47,
            "humidity": 65.58,
            "precip": 0.002,
            "precipprob": 1.0
        }
    ]
}