{
    "days": [
        {
            "datetime": 1498694400.0,
            "temp": 4.53,
            "humidity": 70.88,
            "precip": 831.4,
            "pressure": 942.28,
            "precipprob": 100
        },
        {
            "datetime": 1498780800.0,
            "temp": 1.43,
            "humidity": 65.83,
            "precip": 441.0,
            "pressure": 944.71,
            "precipprob": 100
        },
        {
            "datetime": 1498921200.0,
            "temp": -0.3,
            "humidity": 79.79,
            "precip": 0.00412788,
            "precipprob": 2.0
        }
    ]
}