{
    "days": [
        {
            "datetime": 1499040000.0,
            "temp": 9.19,
            "humidity": 73.67,
            "precip": 1347.4,
            "pressure": 951.26,
            "precipprob": 100
        },
        {
            "datetime": 1499126400.0,
            "temp": 9.44,
            "humidity": 69.12,
            "precip": 1164.6,
            "pressure": 951.94,
            "precipprob": 100
        },
        {
            "datetime": 1499266800.0,
            "temp": 4.18,
            "humidity": 86.58,
            "precip": 0.010188,
            "precipprob": 3.0
        }
    ]
}