{
    "days": [
        {
            "datetime": 1497312000.0,
            "temp": 4.43,
            "humidity": 86.29,
            "precip": 753.8,
            "pressure": 945.65,
            "precipprob": 100
        },
        {
            "datetime": 1497398400.0,
            "temp": 4.57,
            "humidity": 85.43,
            "precip": 386.6,
            "pressure": 943.16,
            "precipprob": 100
        },
        {
            "datetime": 1497538800.0,
            "temp": 4.75,
            "humidity": 84.96,
            "precip": 0.252641,
            "precipprob": 8.0
        }
    ]
}