{
    "days": [
        {
            "datetime": 1494460800.0,
            "temp": 7.69,
            "humidity": 80.58,
            "precip": 0.0,
            "pressure": 947.28,
            "precipprob": 0
        },
        {
            "datetime": 1494547200.0,
            "temp": 9.47,
            "humidity": 83.11,
            "precip": 0.2,
            "pressure": 946.65,
            "precipprob": 100
        },
        {
            "datetime": 1494687600.0,
            "temp": 9.75,
            "humidity": 82.62,
            "precip": 2.85177,
            "precipprob": 72.0
        }
    ]
}