{
    "days": [
        {
            "datetime": 1498435200.0,
            "temp": 4.67,
            "humidity": 77.92,
            "precip": 216.2,
            "pressure": 944.05,
            "precipprob": 100
        },
        {
            "datetime": 1498521600.0,
            "temp": 6.3,
            "humidity": 84.58,
            "precip": 310.20000000000005,
            "pressure": 938.13,
            "precipprob": 100
        },
        {
            "datetime": 1498662000.0,
            "temp": 3.8,
            "humidity": 84.12,
            "precip": 0.0154731,
            "precipprob": 2.0
        }
    ]
}