{
    "days": [
        {
            "datetime": 1500595200.0,
            "temp": 0.75,
            "humidity": 77.5,
            "precip": 257.3,
            "pressure": 943.94,
            "precipprob": 100
        },
        {
            "datetime": 1500681600.0,
            "temp": 6.35,
            "humidity": 49.58,
            "precip": 454.3,
            "pressure": 944.51,
            "precipprob": 100
        },
        {
            "datetime": 1500822000.0,
            "temp": 5.45,
            "humidity": 73.67,
            "precip": 0.0133635,
            "precipprob": 1.0
        }
    ]
}