{
    "days": [
        {
            "datetime": 1494547200.0,
            "temp": 9.47,
            "humidity": 83.11,
            "precip": 0.2,
            "pressure": 946.65,
            "precipprob": 100
        },
        {
            "datetime": 1494633600.0,
            "temp": 11.65,
            "humidity": 85.42,
            "precip": 0.0,
            "pressure": 945.65,
            "precipprob": 0
        },
        {
            "datetime": 1494774000.0,
            "temp": 8.84,
            "humidity": 91.54,
            "precip": 0.112017,
            "precipprob": 22.0
        }
    ]
}