{
    "days": [
        {
            "datetime": 1502755200.0,
            "temp": 13.12,
            "humidity": 64.42,
            "precip": 2511.8,
            "pressure": 939.46,
            "precipprob": 100
        },
        {
            "datetime": 1502841600.0,
            "temp": 9.48,
            "humidity": 60.33,
            "precip": 1242.9,
            "pressure": 941.44,
            "precipprob": 100
        },
        {
            "datetime": 1502982000.0,
            "temp": 7.34,
            "humidity": 65.38,
            "precip": 0.141642,
            "precipprob": 10.0
        }
    ]
}