{
    "days": [
        {
            "datetime": 1496880000.0,
            "temp": 8.96,
            "humidity": 89.58,
            "precip": 499.0,
            "pressure": 948.5,
            "precipprob": 100
        },
        {
            "datetime": 1496966400.0,
            "temp": 8.61,
            "humidity": 91.21,
            "precip": 1461.8,
            "pressure": 946.99,
            "precipprob": 100
        },
        {
            "datetime": 1497106800.0,
            "temp": 5.65,
            "humidity": 91.5,
            "precip": 0.469531,
            "precipprob": 27.0
        }
    ]
}