{
    "days": [
        {
            "datetime": 1500249600.0,
            "temp": 6.97,
            "humidity": 72.92,
            "precip": 1050.4,
            "pressure": 945.87,
            "precipprob": 100
        },
        {
            "datetime": 1500336000.0,
            "temp": 7.26,
            "humidity": 69.42,
            "precip": 1410.9,
            "pressure": 948.93,
            "precipprob": 100
        },
        {
            "datetime": 1500476400.0,
            "temp": 4.9,
            "humidity": 77.46,
            "precip": 0.016,
            "precipprob": 2.0
        }
    ]
}