{
    "days": [
        {
            "datetime": 1502496000.0,
            "temp": 7.5,
            "humidity": 71.79,
            "precip": 578.8,
            "pressure": 946.65,
            "precipprob": 100
        },
        {
            "datetime": 1502582400.0,
            "temp": 7.65,
            "humidity": 66.08,
            "precip": 419.6,
            "pressure": 945.65,
            "precipprob": 100
        },
        {
            "datetime": 1502722800.0,
            "temp": 7.48,
            "humidity": 69.25,
            "precip": 1.16,
            "precipprob": 36.0
        }
    ]
}