{
    "days": [
        {
            "datetime": 1495065600.0,
            "temp": 10.26,
            "humidity": 86.12,
            "precip": 0.8,
            "pressure": 948.93,
            "precipprob": 100
        },
        {
            "datetime": 1495152000.0,
            "temp": 12.6,
            "humidity": 91.75,
            "precip": 15.4,
            "pressure": 943.37,
            "precipprob": 100
        },
        {
            "datetime": 1495292400.0,
            "temp": 10.55,
            "humidity": 86.46,
            "precip": 0.0112761,
            "precipprob": 4.0
        }
    ]
}