{
    "days": [
        {
            "datetime": 1494115200.0,
            "temp": 5.52,
            "humidity": 63.62,
            "precip": 0.0,
            "pressure": 946.66,
            "precipprob": 0
        },
        {
            "datetime": 1494201600.0,
            "temp": 5.56,
            "humidity": 77.04,
            "precip": 0.0,
            "pressure": 948.5,
            "precipprob": 0
        },
        {
            "datetime": 1494342000.0,
            "temp": 8.27,
            "humidity": 73.62,
            "precip": 0.0375302,
            "precipprob": 2.0
        }
    ]
}