{
    "days": [
        {
            "datetime": 1496966400.0,
            "temp": 8.61,
            "humidity": 91.21,
            "precip": 1461.8,
            "pressure": 946.99,
            "precipprob": 100
        },
        {
            "datetime": 1497052800.0,
            "temp": 6.38,
            "humidity": 91.75,
            "precip": 1010.0,
            "pressure": 945.44,
            "precipprob": 100
        },
        {
            "datetime": 1497193200.0,
            "temp": 6.64,
            "humidity": 85.54,
            "precip": 0.0722147,
            "precipprob": 5.0
        }
    ]
}