{
    "days": [
        {
            "datetime": 1502582400.0,
            "temp": 7.65,
            "humidity": 66.08,
            "precip": 419.6,
            "pressure": 945.65,
            "precipprob": 100
        },
        {
            "datetime": 1502668800.0,
            "temp": 10.77,
            "humidity": 54.42,
            "precip": 763.0,
            "pressure": 943.16,
            "precipprob": 100
        },
        {
            "datetime": 1502809200.0,
            "temp": 10.44,
            "humidity": 70.67,
            "precip": 6.70402,
            "precipprob": 60.0
        }
    ]
}