{
    "days": [
        {
            "datetime": 1504742400.0,
            "temp": 7.49,
            "humidity": 64.21,
            "precip": 722.4,
            "pressure": 946.66,
            "precipprob": 100
        },
        {
            "datetime": 1504828800.0,
            "temp": 6.25,
            "humidity": 55.42,
            "precip": 419.2000000000001,
            "pressure": 948.5,
            "precipprob": 100
        },
        {
            "datetime": 1504969200.0,
            "temp": 5.93,
            "humidity": 66.83,
            "precip": 0.0,
            "precipprob": 0.0
        }
    ]
}