{
    "days": [
        {
            "datetime": 1500163200.0,
            "temp": 3.52,
            "humidity": 67.12,
            "precip": 499.6,
            "pressure": 941.44,
            "precipprob": 100
        },
        {
            "datetime": 1500249600.0,
            "temp": 6.97,
            "humidity": 72.92,
            "precip": 1050.4,
            "pressure": 945.87,
            "precipprob": 100
        },
        {
            "datetime": 1500390000.0,
            "temp": 4.75,
            "humidity": 82.04,
            "precip": 0.0257313,
            "precipprob": 5.0
        }
    ]
}