{
    "days": [
        {
            "datetime": 1505433600.0,
            "temp": 12.2,
            "humidity": 53.0,
            "precip": 1005.6,
            "pressure": 939.46,
            "precipprob": 100
        },
        {
            "datetime": NaN,
            "temp": NaN,
            "humidity": NaN,
            "precip": 168.20000000000002,
            "pressure": 941.44,
            "precipprob": 100
        },
        {
            "datetime": 1505660400.0,
            "temp": 6.62,
            "humidity": 52.46,
            "precip": 0.002,
            "precipprob": 1.0
        }
    ]
}