{
    "days": [
        {
            "datetime": 1502323200.0,
            "temp": 13.15,
            "humidity": 40.33,
            "precip": 411.6,
            "pressure": 945.44,
            "precipprob": 100
        },
        {
            "datetime": 1502409600.0,
            "temp": 9.24,
            "humidity": 53.04,
            "precip": 1131.6,
            "pressure": 947.28,
            "precipprob": 100
        },
        {
            "datetime": 1502550000.0,
            "temp": 6.78,
            "humidity": 76.54,
            "precip": 0.0,
            "precipprob": 1.0
        }
    ]
}