{
    "days": [
        {
            "datetime": 1496707200.0,
            "temp": 6.4,
            "humidity": 77.04,
            "precip": 960.0,
            "pressure": 943.54,
            "precipprob": 100
        },
        {
            "datetime": 1496793600.0,
            "temp": 8.4,
            "humidity": 93.58,
            "precip": 1128.6,
            "pressure": 946.66,
            "precipprob": 100
        },
        {
            "datetime": 1496934000.0,
            "temp": 8.62,
            "humidity": 88.12,
            "precip": 1.99037,
            "precipprob": 47.0
        }
    ]
}