{
    "days": [
        {
            "datetime": 1504915200.0,
            "temp": 4.74,
            "humidity": 70.25,
            "precip": 167.0,
            "pressure": 946.99,
            "precipprob": 100
        },
        {
            "datetime": 1505001600.0,
            "temp": 5.29,
            "humidity": 68.08,
            "precip": 150.2,
            "pressure": 945.44,
            "precipprob": 100
        },
        {
            "datetime": 1505142000.0,
            "temp": 11.56,
            "humidity": 50.08,
            "precip": 0.0278353,
            "precipprob": 1.0
        }
    ]
}