{
    "days": [
        {
            "datetime": 1504224000.0,
            "temp": 4.25,
            "humidity": 74.5,
            "precip": 320.0,
            "pressure": 938.62,
            "precipprob": 100
        },
        {
            "datetime": 1504310400.0,
            "temp": 11.43,
            "humidity": 48.71,
            "precip": 848.0,
            "pressure": 943.87,
            "precipprob": 100
        },
        {
            "datetime": 1504450800.0,
            "temp": 9.58,
            "humidity": 51.79,
            "precip": 0.556029,
            "precipprob": 34.0
        }
    ]
}