{
    "days": [
        {
            "datetime": 1494892800.0,
            "temp": 5.18,
            "humidity": 80.25,
            "precip": 0.2,
            "pressure": 941.44,
            "precipprob": 100
        },
        {
            "datetime": 1494979200.0,
            "temp": 8.96,
            "humidity": 84.33,
            "precip": 0.0,
            "pressure": 945.87,
            "precipprob": 0
        },
        {
            "datetime": 1495119600.0,
            "temp": 10.26,
            "humidity": 89.08,
            "precip": 22.8379,
            "precipprob": 99.0
        }
    ]
}