{
    "days": [
        {
            "datetime": 1503446400.0,
            "temp": 6.12,
            "humidity": 64.17,
            "precip": 749.4000000000001,
            "pressure": 939.26,
            "precipprob": 100
        },
        {
            "datetime": 1503532800.0,
            "temp": 4.1,
            "humidity": 77.08,
            "precip": 216.6,
            "pressure": 939.69,
            "precipprob": 100
        },
        {
            "datetime": 1503673200.0,
            "temp": 4.47,
            "humidity": 72.42,
            "precip": 0.002,
            "precipprob": 1.0
        }
    ]
}