{
    "days": [
        {
            "datetime": 1498867200.0,
            "temp": 1.0,
            "humidity": 76.9,
            "precip": 655.2,
            "pressure": 938.62,
            "precipprob": 100
        },
        {
            "datetime": 1498953600.0,
            "temp": 1.49,
            "humidity": 68.12,
            "precip": 509.6,
            "pressure": 943.87,
            "precipprob": 100
        },
        {
            "datetime": 1499094000.0,
            "temp": 5.31,
            "humidity": 87.0,
            "precip": 0.0185537,
            "precipprob": 6.0
        }
    ]
}