{
    "days": [
        {
            "datetime": 1493942400.0,
            "temp": 9.79,
            "humidity": 78.5,
            "precip": 0.0,
            "pressure": 948.28,
            "precipprob": 0
        },
        {
            "datetime": 1494028800.0,
            "temp": 11.36,
            "humidity": 72.38,
            "precip": 0.0,
            "pressure": 943.54,
            "precipprob": 0
        },
        {
            "datetime": 1494169200.0,
            "temp": 5.85,
            "humidity": 62.08,
            "precip": 0.002,
            "precipprob": 1.0
        }
    ]
}