{
    "days": [
        {
            "datetime": 1503273600.0,
            "temp": 4.46,
            "humidity": 71.08,
            "precip": 171.40000000000003,
            "pressure": 943.94,
            "precipprob": 100
        },
        {
            "datetime": 1503360000.0,
            "temp": 5.02,
            "humidity": 71.17,
            "precip": 496.4,
            "pressure": 944.51,
            "precipprob": 100
        },
        {
            "datetime": 1503500400.0,
            "temp": 7.04,
            "humidity": 65.67,
            "precip": 0.120026,
            "precipprob": 12.0
        }
    ]
}