{
    "days": [
        {
            "datetime": 1503619200.0,
            "temp": 3.88,
            "humidity": 78.62,
            "precip": 189.8,
            "pressure": 941.79,
            "precipprob": 100
        },
        {
            "datetime": 1503705600.0,
            "temp": 6.35,
            "humidity": 65.54,
            "precip": 811.8,
            "pressure": 944.05,
            "precipprob": 100
        },
        {
            "datetime": 1503846000.0,
            "temp": 1.84,
            "humidity": 77.83,
            "precip": 0.02,
            "precipprob": 2.0
        }
    ]
}