{
    "days": [
        {
            "datetime": 1497225600.0,
            "temp": 5.08,
            "humidity": 85.54,
            "precip": 859.8,
            "pressure": 946.65,
            "precipprob": 100
        },
        {
            "datetime": 1497312000.0,
            "temp": 4.43,
            "humidity": 86.29,
            "precip": 753.8,
            "pressure": 945.65,
            "precipprob": 100
        },
        {
            "datetime": 1497452400.0,
            "temp": 5.58,
            "humidity": 79.29,
            "precip": 0.0420778,
            "precipprob": 4.0
        }
    ]
}