{
    "days": [
        {
            "datetime": 1494806400.0,
            "temp": 8.48,
            "humidity": 78.29,
            "precip": 0.0,
            "pressure": 939.46,
            "precipprob": 0
        },
        {
            "datetime": 1494892800.0,
            "temp": 5.18,
            "humidity": 80.25,
            "precip": 0.2,
            "pressure": 941.44,
            "precipprob": 100
        },
        {
            "datetime": 1495033200.0,
            "temp": 7.99,
            "humidity": 78.0,
            "precip": 2.35912,
            "precipprob": 33.0
        }
    ]
}