{
    "days": [
        {
            "datetime": 1496361600.0,
            "temp": 6.24,
            "humidity": 69.92,
            "precip": 137.4,
            "pressure": 943.87,
            "precipprob": 100
        },
        {
            "datetime": 1496448000.0,
            "temp": 3.81,
            "humidity": 85.83,
            "precip": 121.6,
            "pressure": 951.26,
            "precipprob": 100
        },
        {
            "datetime": 1496588400.0,
            "temp": 4.38,
            "humidity": 82.71,
            "precip": 0.0,
            "precipprob": 0.0
        }
    ]
}