{
    "days": [
        {
            "datetime": 1497657600.0,
            "temp": 8.02,
            "humidity": 90.12,
            "precip": 231.2,
            "pressure": 945.87,
            "precipprob": 100
        },
        {
            "datetime": 1497744000.0,
            "temp": 4.29,
            "humidity": 82.21,
            "precip": 223.6,
            "pressure": 948.93,
            "precipprob": 100
        },
        {
            "datetime": 1497884400.0,
            "temp": 3.6,
            "humidity": 89.46,
            "precip": 0.004,
            "precipprob": 2.0
        }
    ]
}