{
    "days": [
        {
            "datetime": 1503792000.0,
            "temp": 3.6,
            "humidity": 65.71,
            "precip": 286.2,
            "pressure": 938.13,
            "precipprob": 100
        },
        {
            "datetime": 1503878400.0,
            "temp": 1.98,
            "humidity": 76.33,
            "precip": 170.0,
            "pressure": 934.25,
            "precipprob": 100
        },
        {
            "datetime": 1504018800.0,
            "temp": 4.32,
            "humidity": 65.67,
            "precip": 0.150505,
            "precipprob": 7.0
        }
    ]
}