{
    "days": [
        {
            "datetime": 1498262400.0,
            "temp": 3.24,
            "humidity": 77.46,
            "precip": 275.6,
            "pressure": 939.69,
            "precipprob": 100
        },
        {
            "datetime": 1498348800.0,
            "temp": 4.86,
            "humidity": 71.12,
            "precip": 419.6,
            "pressure": 941.79,
            "precipprob": 100
        },
        {
            "datetime": 1498489200.0,
            "temp": 4.21,
            "humidity": 83.62,
            "precip": 0.11059,
            "precipprob": 12.0
        }
    ]
}