{
    "days": [
        {
            "datetime": 1504828800.0,
            "temp": 6.25,
            "humidity": 55.42,
            "precip": 419.2000000000001,
            "pressure": 948.5,
            "precipprob": 100
        },
        {
            "datetime": 1504915200.0,
            "temp": 4.74,
            "humidity": 70.25,
            "precip": 167.0,
            "pressure": 946.99,
            "precipprob": 100
        },
        {
            "datetime": 1505055600.0,
            "temp": 6.32,
            "humidity": 68.62,
            "precip": 0.002,
            "precipprob": 1.0
        }
    ]
}