{
    "days": [
        {
            "datetime": 1493769600.0,
            "temp": 5.15,
            "humidity": 79.83,
            "precip": 0.0,
            "pressure": 951.26,
            "precipprob": 0
        },
        {
            "datetime": 1493856000.0,
            "temp": 7.82,
            "humidity": 84.12,
            "precip": 0.0,
            "pressure": 951.94,
            "precipprob": 0
        },
        {
            "datetime": 1493996400.0,
            "temp": 10.02,
            "humidity": 76.33,
            "precip": 0.162239,
            "precipprob": 5.0
        }
    ]
}