{
    "days": [
        {
            "datetime": 1506038400.0,
            "temp": 15.73,
            "humidity": 29.25,
            "precip": 654.2,
            "pressure": 944.51,
            "precipprob": 100
        },
        {
            "datetime": NaN,
            "temp": NaN,
            "humidity": NaN,
            "precip": 719.5,
            "pressure": 939.26,
            "precipprob": 100
        },
        {
            "datetime": 1506265200.0,
            "temp": 12.88,
            "humidity": 40.21,
            "precip": 0.0243239,
            "precipprob": 6.0
        }
    ]
}