{
    "days": [
        {
            "datetime": 1496448000.0,
            "temp": 3.81,
            "humidity": 85.83,
            "precip": 121.6,
            "pressure": 951.26,
            "precipprob": 100
        },
        {
            "datetime": 1496534400.0,
            "temp": 3.2,
            "humidity": 87.96,
            "precip": 160.8,
            "pressure": 951.94,
            "precipprob": 100
        },
        {
            "datetime": 1496674800.0,
            "temp": 4.61,
            "humidity": 80.12,
            "precip": 1.30244,
            "precipprob": 55.0
        }
    ]
}