{
    "days": [
        {
            "datetime": 1497052800.0,
            "temp": 6.38,
            "humidity": 91.75,
            "precip": 1010.0,
            "pressure": 945.44,
            "precipprob": 100
        },
        {
            "datetime": 1497139200.0,
            "temp": 5.83,
            "humidity": 85.75,
            "precip": 945.2,
            "pressure": 947.28,
            "precipprob": 100
        },
        {
            "datetime": 1497279600.0,
            "temp": 5.27,
            "humidity": 84.67,
            "precip": 0.0,
            "precipprob": 1.0
        }
    ]
}