{
    "days": [
        {
            "datetime": 1502409600.0,
            "temp": 9.24,
            "humidity": 53.04,
            "precip": 1131.6,
            "pressure": 947.28,
            "precipprob": 100
        },
        {
            "datetime": 1502496000.0,
            "temp": 7.5,
            "humidity": 71.79,
            "precip": 578.8,
            "pressure": 946.65,
            "precipprob": 100
        },
        {
            "datetime": 1502636400.0,
            "temp": 5.93,
            "humidity": 67.67,
            "precip": 0.00016234,
            "precipprob": 0.0
        }
    ]
}