{
    "days": [
        {
            "datetime": 1496275200.0,
            "temp": 5.02,
            "humidity": 68.83,
            "precip": 112.0,
            "pressure": 938.62,
            "precipprob": 100
        },
        {
            "datetime": 1496361600.0,
            "temp": 6.24,
            "humidity": 69.92,
            "precip": 137.4,
            "pressure": 943.87,
            "precipprob": 100
        },
        {
            "datetime": 1496502000.0,
            "temp": 4.53,
            "humidity": 84.04,
            "precip": 0.002,
            "precipprob": 1.0
        }
    ]
}