{
    "days": [
        {
            "datetime": 1494633600.0,
            "temp": 11.65,
            "humidity": 85.42,
            "precip": 0.0,
            "pressure": 945.65,
            "precipprob": 0
        },
        {
            "datetime": 1494720000.0,
            "temp": 10.01,
            "humidity": 88.33,
            "precip": 3.2,
            "pressure": 943.16,
            "precipprob": 100
        },
        {
            "datetime": 1494860400.0,
            "temp": 7.64,
            "humidity": 85.0,
            "precip": 0.0,
            "precipprob": 2.0
        }
    ]
}