{
    "days": [
        {
            "datetime": 1504396800.0,
            "temp": 12.37,
            "humidity": 44.96,
            "precip": 996.8,
            "pressure": 951.26,
            "precipprob": 100
        },
        {
            "datetime": 1504483200.0,
            "temp": 6.15,
            "humidity": 67.71,
            "precip": 783.0,
            "pressure": 951.94,
            "precipprob": 100
        },
        {
            "datetime": 1504623600.0,
            "temp": 5.48,
            "humidity": 56.38,
            "precip": 0.0280003,
            "precipprob": 8.0
        }
    ]
}