{
    "days": [
        {
            "datetime": 1501632000.0,
            "temp": 4.04,
            "humidity": 81.92,
            "precip": 575.0,
            "pressure": 943.87,
            "precipprob": 100
        },
        {
            "datetime": 1501718400.0,
            "temp": 7.12,
            "humidity": 88.5,
            "precip": 2006.7,
            "pressure": 951.26,
            "precipprob": 100
        },
        {
            "datetime": 1501858800.0,
            "temp": 5.27,
            "humidity": 74.29,
            "precip": 0.332787,
            "precipprob": 13.0
        }
    ]
}