{
    "days": [
        {
            "datetime": 1501286400.0,
            "temp": 11.65,
            "humidity": 38.79,
            "precip": 861.6999999999999,
            "pressure": 942.28,
            "precipprob": 100
        },
        {
            "datetime": 1501372800.0,
            "temp": 11.28,
            "humidity": 60.58,
            "precip": 759.8,
            "pressure": 944.71,
            "precipprob": 100
        },
        {
            "datetime": 1501513200.0,
            "temp": 2.68,
            "humidity": 95.25,
            "precip": 0.0400029,
            "precipprob": 11.0
        }
    ]
}