{
    "days": [
        {
            "datetime": 1497830400.0,
            "temp": 7.41,
            "humidity": 83.92,
            "precip": 344.8,
            "pressure": 943.37,
            "precipprob": 100
        },
        {
            "datetime": 1497916800.0,
            "temp": 3.48,
            "humidity": 87.08,
            "precip": 354.79999999999995,
            "pressure": 940.66,
            "precipprob": 100
        },
        {
            "datetime": 1498057200.0,
            "temp": 5.09,
            "humidity": 81.71,
            "precip": 0.002,
            "precipprob": 1.0
        }
    ]
}