{
    "days": [
        {
            "datetime": 1500422400.0,
            "temp": 5.74,
            "humidity": 71.92,
            "precip": 770.0000000000001,
            "pressure": 943.37,
            "precipprob": 100
        },
        {
            "datetime": 1500508800.0,
            "temp": 4.6,
            "humidity": 62.21,
            "precip": 399.4,
            "pressure": 940.66,
            "precipprob": 100
        },
        {
            "datetime": 1500649200.0,
            "temp": 1.9,
            "humidity": 78.83,
            "precip": 0.004,
            "precipprob": 2.0
        }
    ]
}