{
    "days": [
        {
            "datetime": 1505790000.0,
            "temp": 4.19,
            "humidity": 65.38,
            "precip": 416.3,
            "pressure": 943.37,
            "precipprob": 100
        },
        {
            "datetime": 1505865600.0,
            "temp": 8.26,
            "humidity": 65.38,
            "precip": 248.7,
            "pressure": 940.66,
            "precipprob": 100
        },
        {
            "datetime": 1506006000.0,
            "temp": 15.03,
            "humidity": 38.83,
            "precip": 0.0212435,
            "precipprob": 4.0
        }
    ]
}