{
    "days": [
        {
            "datetime": 1497139200.0,
            "temp": 5.83,
            "humidity": 85.75,
            "precip": 945.2,
            "pressure": 947.28,
            "precipprob": 100
        },
        {
            "datetime": 1497225600.0,
            "temp": 5.08,
            "humidity": 85.54,
            "precip": 859.8,
            "pressure": 946.65,
            "precipprob": 100
        },
        {
            "datetime": 1497366000.0,
            "temp": 4.24,
            "humidity": 87.17,
            "precip": 0.13151,
            "precipprob": 4.0
        }
    ]
}