{
    "days": [
        {
            "datetime": 1502668800.0,
            "temp": 10.77,
            "humidity": 54.42,
            "precip": 763.0,
            "pressure": 943.16,
            "precipprob": 100
        },
        {
            "datetime": 1502755200.0,
            "temp": 13.12,
            "humidity": 64.42,
            "precip": 2511.8,
            "pressure": 939.46,
            "precipprob": 100
        },
        {
            "datetime": 1502895600.0,
            "temp": 7.28,
            "humidity": 67.62,
            "precip": 0.790039,
            "precipprob": 34.0
        }
    ]
}