{
    "days": [
        {
            "datetime": NaN,
            "temp": NaN,
            "humidity": NaN,
            "precip": 1194.2,
            "pressure": 939.69,
            "precipprob": 100
        },
        {
            "datetime": NaN,
            "temp": NaN,
            "humidity": NaN,
            "precip": 507.3,
            "pressure": 941.79,
            "precipprob": 100
        },
        {
            "datetime": 1506438000.0,
            "temp": 9.58,
            "humidity": 61.67,
            "precip": 5.57202,
            "precipprob": 77.0
        }
    ]
}