{
    "days": [
        {
            "datetime": 1498521600.0,
            "temp": 6.3,
            "humidity": 84.58,
            "precip": 310.20000000000005,
            "pressure": 938.13,
            "precipprob": 100
        },
        {
            "datetime": 1498608000.0,
            "temp": 1.98,
            "humidity": 86.04,
            "precip": 921.4,
            "pressure": 934.25,
            "precipprob": 100
        },
        {
            "datetime": 1498748400.0,
            "temp": 4.02,
            "humidity": 77.42,
            "precip": 0.0,
            "precipprob": 6.0
        }
    ]
}