{
    "days": [
        {
            "datetime": 1505347200.0,
            "temp": 7.8,
            "humidity": 54.71,
            "precip": 425.6,
            "pressure": 943.16,
            "precipprob": 100
        },
        {
            "datetime": 1505433600.0,
            "temp": 12.2,
            "humidity": 53.0,
            "precip": 1005.6,
            "pressure": 939.46,
            "precipprob": 100
        },
        {
            "datetime": 1505574000.0,
            "temp": 4.33,
            "humidity": 60.33,
            "precip": 0.004,
            "precipprob": 1.0
        }
    ]
}