{
    "days": [
        {
            "datetime": 1506405600.0,
            "temp": 8.32,
            "humidity": 78.06,
            "precip": 163.5,
            "pressure": 944.05,
            "precipprob": 100
        },
        {
            "datetime": 1506470400.0,
            "temp": 17.09,
            "humidity": 61.08,
            "precip": 606.6,
            "pressure": 938.13,
            "precipprob": 100
        },
        {
            "datetime": 1506610800.0,
            "temp": 11.59,
            "humidity": 60.25,
            "precip": 0.026,
            "precipprob": 3.0
        }
    ]
}