{
    "days": [
        {
            "datetime": 1495929600.0,
            "temp": 8.35,
            "humidity": 66.75,
            "precip": 0.0,
            "pressure": 934.25,
            "precipprob": 0
        },
        {
            "datetime": 1496016000.0,
            "temp": 2.98,
            "humidity": 76.29,
            "precip": 0.0,
            "pressure": 942.28,
            "precipprob": 0
        },
        {
            "datetime": 1496156400.0,
            "temp": 4.77,
            "humidity": 79.58,
            "precip": 0.238007,
            "precipprob": 16.0
        }
    ]
}