{
    "days": [
        {
            "datetime": 1495756800.0,
            "temp": 9.0,
            "humidity": 81.88,
            "precip": 0.0,
            "pressure": 944.05,
            "precipprob": 0
        },
        {
            "datetime": 1495843200.0,
            "temp": 8.18,
            "humidity": 82.83,
            "precip": 0.0,
            "pressure": 938.13,
            "precipprob": 0
        },
        {
            "datetime": 1495983600.0,
            "temp": 5.75,
            "humidity": 80.58,
            "precip": 0.0,
            "precipprob": 1.0
        }
    ]
}