{
    "days": [
        {
            "datetime": 1503964800.0,
            "temp": 3.04,
            "humidity": 67.12,
            "precip": 399.0,
            "pressure": 942.28,
            "precipprob": 100
        },
        {
            "datetime": 1504051200.0,
            "temp": 5.93,
            "humidity": 53.88,
            "precip": 145.1,
            "pressure": 944.71,
            "precipprob": 100
        },
        {
            "datetime": 1504191600.0,
            "temp": 4.29,
            "humidity": 69.54,
            "precip": 0.002,
            "precipprob": 1.0
        }
    ]
}