{
    "days": [
        {
            "datetime": 1498003200.0,
            "temp": 5.79,
            "humidity": 82.71,
            "precip": 664.6,
            "pressure": 943.94,
            "precipprob": 100
        },
        {
            "datetime": 1498089600.0,
            "temp": 3.67,
            "humidity": 83.12,
            "precip": 620.8,
            "pressure": 944.51,
            "precipprob": 100
        },
        {
            "datetime": 1498230000.0,
            "temp": 4.88,
            "humidity": 79.67,
            "precip": 0.008,
            "precipprob": 1.0
        }
    ]
}