{
    "days": [
        {
            "datetime": 1501113600.0,
            "temp": 6.63,
            "humidity": 63.75,
            "precip": 1364.8000000000002,
            "pressure": 938.13,
            "precipprob": 100
        },
        {
            "datetime": 1501200000.0,
            "temp": 3.93,
            "humidity": 69.04,
            "precip": 374.7,
            "pressure": 934.25,
            "precipprob": 100
        },
        {
            "datetime": 1501340400.0,
            "temp": 9.09,
            "humidity": 44.79,
            "precip": 0.0959933,
            "precipprob": 14.0
        }
    ]
}