{
    "days": [
        {
            "datetime": 1494979200.0,
            "temp": 8.96,
            "humidity": 84.33,
            "precip": 0.0,
            "pressure": 945.87,
            "precipprob": 0
        },
        {
            "datetime": 1495065600.0,
            "temp": 10.26,
            "humidity": 86.12,
            "precip": 0.8,
            "pressure": 948.93,
            "precipprob": 100
        },
        {
            "datetime": 1495206000.0,
            "temp": 12.42,
            "humidity": 90.96,
            "precip": 17.9133,
            "precipprob": 97.0
        }
    ]
}