{
    "days": [
        {
            "datetime": 1499904000.0,
            "temp": 6.27,
            "humidity": 73.21,
            "precip": 816.0,
            "pressure": 945.65,
            "precipprob": 100
        },
        {
            "datetime": 1499990400.0,
            "temp": 7.0,
            "humidity": 76.75,
            "precip": 641.0,
            "pressure": 943.16,
            "precipprob": 100
        },
        {
            "datetime": 1500130800.0,
            "temp": 2.46,
            "humidity": 74.25,
            "precip": 0.004,
            "precipprob": 1.0
        }
    ]
}