{
    "days": [
        {
            "datetime": 1504051200.0,
            "temp": 5.93,
            "humidity": 53.88,
            "precip": 145.1,
            "pressure": 944.71,
            "precipprob": 100
        },
        {
            "datetime": 1504137600.0,
            "temp": 4.28,
            "humidity": 74.96,
            "precip": 200.6,
            "pressure": 951.11,
            "precipprob": 100
        },
        {
            "datetime": 1504278000.0,
            "temp": 5.49,
            "humidity": 66.71,
            "precip": 0.28312,
            "precipprob": 6.0
        }
    ]
}