{
    "days": [
        {
            "datetime": 1506470400.0,
            "temp": 17.09,
            "humidity": 61.08,
            "precip": 606.6,
            "pressure": 938.13,
            "precipprob": 100
        },
        {
            "datetime": 1506556800.0,
            "temp": 12.46,
            "humidity": 55.71,
            "precip": 305.9,
            "pressure": 934.25,
            "precipprob": 100
        },
        {
            "datetime": 1506697200.0,
            "temp": 11.1,
            "humidity": 46.92,
            "precip": 0.01,
            "precipprob": 1.0
        }
    ]
}