{
    "days": [
        {
            "datetime": 1501891200.0,
            "temp": 7.08,
            "humidity": 64.42,
            "precip": 1104.0,
            "pressure": 948.28,
            "precipprob": 100
        },
        {
            "datetime": 1501977600.0,
            "temp": 7.6,
            "humidity": 70.25,
            "precip": 1445.8000000000002,
            "pressure": 943.54,
            "precipprob": 100
        },
        {
            "datetime": 1502118000.0,
            "temp": 2.67,
            "humidity": 74.21,
            "precip": 0.004,
            "precipprob": 2.0
        }
    ]
}