{
    "days": [
        {
            "datetime": 1501200000.0,
            "temp": 3.93,
            "humidity": 69.04,
            "precip": 374.7,
            "pressure": 934.25,
            "precipprob": 100
        },
        {
            "datetime": 1501286400.0,
            "temp": 11.65,
            "humidity": 38.79,
            "precip": 861.6999999999999,
            "pressure": 942.28,
            "precipprob": 100
        },
        {
            "datetime": 1501426800.0,
            "temp": 8.9,
            "humidity": 72.12,
            "precip": 23.608,
            "precipprob": 93.0
        }
    ]
}