{
    "days": [
        {
            "datetime": 1495497600.0,
            "temp": 11.66,
            "humidity": 81.38,
            "precip": 1.8,
            "pressure": 939.26,
            "precipprob": 100
        },
        {
            "datetime": 1495584000.0,
            "temp": 6.31,
            "humidity": 77.96,
            "precip": 0.0,
            "pressure": 939.69,
            "precipprob": 0
        },
        {
            "datetime": 1495724400.0,
            "temp": 7.05,
            "humidity": 83.46,
            "precip": 0.168475,
            "precipprob": 12.0
        }
    ]
}