{
    "days": [
        {
            "datetime": 1495238400.0,
            "temp": 8.26,
            "humidity": 82.71,
            "precip": 0.0,
            "pressure": 940.66,
            "precipprob": 0
        },
        {
            "datetime": 1495324800.0,
            "temp": 7.16,
            "humidity": 84.0,
            "precip": 0.2,
            "pressure": 943.94,
            "precipprob": 100
        },
        {
            "datetime": 1495465200.0,
            "temp": 7.37,
            "humidity": 83.96,
            "precip": 0.019484,
            "precipprob": 9.0
        }
    ]
}