{
    "days": [
        {
            "datetime": 1498780800.0,
            "temp": 1.43,
            "humidity": 65.83,
            "precip": 441.0,
            "pressure": 944.71,
            "precipprob": 100
        },
        {
            "datetime": 1498867200.0,
            "temp": 1.0,
            "humidity": 76.9,
            "precip": 655.2,
            "pressure": 938.62,
            "precipprob": 100
        },
        {
            "datetime": 1499007600.0,
            "temp": 2.99,
            "humidity": 58.38,
            "precip": 1.846,
            "precipprob": 70.0
        }
    ]
}