{
    "days": [
        {
            "datetime": NaN,
            "temp": NaN,
            "humidity": NaN,
            "precip": 507.3,
            "pressure": 941.79,
            "precipprob": 100
        },
        {
            "datetime": 1506405600.0,
            "temp": 8.32,
            "humidity": 78.06,
            "precip": 163.5,
            "pressure": 944.05,
            "precipprob": 100
        },
        {
            "datetime": 1506524400.0,
            "temp": 15.18,
            "humidity": 61.67,
            "precip": 3.32454,
            "precipprob": 72.0
        }
    ]
}