{
    "days": [
        {
            "datetime": 1495324800.0,
            "temp": 7.16,
            "humidity": 84.0,
            "precip": 0.2,
            "pressure": 943.94,
            "precipprob": 100
        },
        {
            "datetime": 1495411200.0,
            "temp": 10.23,
            "humidity": 82.67,
            "precip": 0.2,
            "pressure": 944.51,
            "precipprob": 100
        },
        {
            "datetime": 1495551600.0,
            "temp": 10.1,
            "humidity": 85.88,
            "precip": 1.47326,
            "precipprob": 63.0
        }
    ]
}