{
    "days": [
        {
            "datetime": 1505865600.0,
            "temp": 8.26,
            "humidity": 65.38,
            "precip": 248.7,
            "pressure": 940.66,
            "precipprob": 100
        },
        {
            "datetime": 1505952000.0,
            "temp": 15.57,
            "humidity": 34.75,
            "precip": 400.4,
            "pressure": 943.94,
            "precipprob": 100
        },
        {
            "datetime": 1506092400.0,
            "temp": 15.75,
            "humidity": 31.04,
            "precip": 0.0240032,
            "precipprob": 12.0
        }
    ]
}