{
    "days": [
        {
            "datetime": 1499558400.0,
            "temp": 4.4,
            "humidity": 72.25,
            "precip": 405.6,
            "pressure": 946.99,
            "precipprob": 100
        },
        {
            "datetime": 1499644800.0,
            "temp": 1.72,
            "humidity": 76.54,
            "precip": 509.2000000000001,
            "pressure": 945.44,
            "precipprob": 100
        },
        {
            "datetime": 1499785200.0,
            "temp": 2.72,
            "humidity": 79.46,
            "precip": 0.002,
            "precipprob": 1.0
        }
    ]
}