{
    "days": [
        {
            "datetime": 1501545600.0,
            "temp": 4.51,
            "humidity": 71.04,
            "precip": 129.4,
            "pressure": 938.62,
            "precipprob": 100
        },
        {
            "datetime": 1501632000.0,
            "temp": 4.04,
            "humidity": 81.92,
            "precip": 575.0,
            "pressure": 943.87,
            "precipprob": 100
        },
        {
            "datetime": 1501772400.0,
            "temp": 4.87,
            "humidity": 90.79,
            "precip": 0.933564,
            "precipprob": 5.0
        }
    ]
}