{
    "days": [
        {
            "datetime": 1501027200.0,
            "temp": 5.1,
            "humidity": 67.0,
            "precip": 364.9,
            "pressure": 944.05,
            "precipprob": 100
        },
        {
            "datetime": 1501113600.0,
            "temp": 6.63,
            "humidity": 63.75,
            "precip": 1364.8000000000002,
            "pressure": 938.13,
            "precipprob": 100
        },
        {
            "datetime": 1501254000.0,
            "temp": 3.07,
            "humidity": 70.62,
            "precip": 0.00984993,
            "precipprob": 4.0
        }
    ]
}