{
    "days": [
        {
            "datetime": 1505260800.0,
            "temp": 11.85,
            "humidity": 48.0,
            "precip": 899.8000000000001,
            "pressure": 945.65,
            "precipprob": 100
        },
        {
            "datetime": 1505347200.0,
            "temp": 7.8,
            "humidity": 54.71,
            "precip": 425.6,
            "pressure": 943.16,
            "precipprob": 100
        },
        {
            "datetime": 1505487600.0,
            "temp": 8.0,
            "humidity": 80.21,
            "precip": 0.754323,
            "precipprob": 56.0
        }
    ]
}