{
    "days": [
        {
            "datetime": 1501977600.0,
            "temp": 7.6,
            "humidity": 70.25,
            "precip": 1445.8000000000002,
            "pressure": 943.54,
            "precipprob": 100
        },
        {
            "datetime": 1502064000.0,
            "temp": 4.26,
            "humidity": 75.25,
            "precip": 754.6,
            "pressure": 946.66,
            "precipprob": 100
        },
        {
            "datetime": 1502204400.0,
            "temp": 6.14,
            "humidity": 55.21,
            "precip": 0.0,
            "precipprob": 0.0
        }
    ]
}