{
    "days": [
        {
            "datetime": 1499126400.0,
            "temp": 9.44,
            "humidity": 69.12,
            "precip": 1164.6,
            "pressure": 951.94,
            "precipprob": 100
        },
        {
            "datetime": 1499212800.0,
            "temp": 5.37,
            "humidity": 81.96,
            "precip": 848.2,
            "pressure": 948.28,
            "precipprob": 100
        },
        {
            "datetime": 1499353200.0,
            "temp": 3.67,
            "humidity": 78.58,
            "precip": 0.004,
            "precipprob": 2.0
        }
    ]
}