{
    "days": [
        {
            "datetime": 1499212800.0,
            "temp": 5.37,
            "humidity": 81.96,
            "precip": 848.2,
            "pressure": 948.28,
            "precipprob": 100
        },
        {
            "datetime": 1499299200.0,
            "temp": 3.04,
            "humidity": 77.58,
            "precip": 902.3,
            "pressure": 943.54,
            "precipprob": 100
        },
        {
            "datetime": 1499439600.0,
            "temp": 3.12,
            "humidity": 75.96,
            "precip": 0.002,
            "precipprob": 1.0
        }
    ]
}