{
    "days": [
        {
            "datetime": 1499990400.0,
            "temp": 7.0,
            "humidity": 76.75,
            "precip": 641.0,
            "pressure": 943.16,
            "precipprob": 100
        },
        {
            "datetime": 1500076800.0,
            "temp": 2.18,
            "humidity": 71.88,
            "precip": 651.8,
            "pressure": 939.46,
            "precipprob": 100
        },
        {
            "datetime": 1500217200.0,
            "temp": 3.42,
            "humidity": 67.62,
            "precip": 0.0369274,
            "precipprob": 3.0
        }
    ]
}