{
    "days": [
        {
            "datetime": 1500681600.0,
            "temp": 6.35,
            "humidity": 49.58,
            "precip": 454.3,
            "pressure": 944.51,
            "precipprob": 100
        },
        {
            "datetime": 1500768000.0,
            "temp": 8.6,
            "humidity": 58.0,
            "precip": 633.8000000000001,
            "pressure": 939.26,
            "precipprob": 100
        },
        {
            "datetime": 1500908400.0,
            "temp": 5.16,
            "humidity": 74.12,
            "precip": 0.000541362,
            "precipprob": 2.0
        }
    ]
}