{
    "days": [
        {
            "datetime": 1493683200.0,
            "temp": 8.78,
            "humidity": 75.0,
            "precip": 0.0,
            "pressure": 943.87,
            "precipprob": 0
        },
        {
            "datetime": 1493769600.0,
            "temp": 5.15,
            "humidity": 79.83,
            "precip": 0.0,
            "pressure": 951.26,
            "precipprob": 0
        },
        {
            "datetime": 1493910000.0,
            "temp": 8.12,
            "humidity": 81.96,
            "precip": 0.0,
            "precipprob": 0.0
        }
    ]
}