{
    "days": [
        {
            "datetime": 1499385600.0,
            "temp": 4.33,
            "humidity": 70.79,
            "precip": 493.0,
            "pressure": 946.66,
            "precipprob": 100
        },
        {
            "datetime": 1499472000.0,
            "temp": 5.39,
            "humidity": 77.92,
            "precip": 599.6,
            "pressure": 948.5,
            "precipprob": 100
        },
        {
            "datetime": 1499612400.0,
            "temp": 3.93,
            "humidity": 74.29,
            "precip": 0.004,
            "precipprob": 2.0
        }
    ]
}