{
    "days": [
        {
            "datetime": 1497484800.0,
            "temp": 5.05,
            "humidity": 88.71,
            "precip": 141.8,
            "pressure": 939.46,
            "precipprob": 100
        },
        {
            "datetime": 1497571200.0,
            "temp": 8.11,
            "humidity": 91.46,
            "precip": 264.0,
            "pressure": 941.44,
            "precipprob": 100
        },
        {
            "datetime": 1497711600.0,
            "temp": 6.94,
            "humidity": 88.33,
            "precip": 0.0628397,
            "precipprob": 10.0
        }
    ]
}