{
    "days": [
        {
            "datetime": 1503878400.0,
            "temp": 1.98,
            "humidity": 76.33,
            "precip": 170.0,
            "pressure": 934.25,
            "precipprob": 100
        },
        {
            "datetime": 1503964800.0,
            "temp": 3.04,
            "humidity": 67.12,
            "precip": 399.0,
            "pressure": 942.28,
            "precipprob": 100
        },
        {
            "datetime": 1504105200.0,
            "temp": 5.85,
            "humidity": 54.88,
            "precip": 0.00513038,
            "precipprob": 1.0
        }
    ]
}