{
    "days": [
        {
            "datetime": 1500854400.0,
            "temp": 5.55,
            "humidity": 74.12,
            "precip": 304.6,
            "pressure": 939.69,
            "precipprob": 100
        },
        {
            "datetime": 1500940800.0,
            "temp": 10.24,
            "humidity": 60.79,
            "precip": 767.9000000000001,
            "pressure": 941.79,
            "precipprob": 100
        },
        {
            "datetime": 1501081200.0,
            "temp": 3.85,
            "humidity": 80.0,
            "precip": 0.18356,
            "precipprob": 10.0
        }
    ]
}