{
    "days": [
        {
            "datetime": 1499472000.0,
            "temp": 5.39,
            "humidity": 77.92,
            "precip": 599.6,
            "pressure": 948.5,
            "precipprob": 100
        },
        {
            "datetime": 1499558400.0,
            "temp": 4.4,
            "humidity": 72.25,
            "precip": 405.6,
            "pressure": 946.99,
            "precipprob": 100
        },
        {
            "datetime": 1499698800.0,
            "temp": 2.26,
            "humidity": 76.75,
            "precip": 0.004,
            "precipprob": 2.0
        }
    ]
}