{
    "days": [
        {
            "datetime": 1495670400.0,
            "temp": 5.92,
            "humidity": 85.54,
            "precip": 0.2,
            "pressure": 941.79,
            "precipprob": 100
        },
        {
            "datetime": 1495756800.0,
            "temp": 9.0,
            "humidity": 81.88,
            "precip": 0.0,
            "pressure": 944.05,
            "precipprob": 0
        },
        {
            "datetime": 1495897200.0,
            "temp": 8.39,
            "humidity": 84.12,
            "precip": 0.280029,
            "precipprob": 17.0
        }
    ]
}