{
    "days": [
        {
            "datetime": 1498953600.0,
            "temp": 1.49,
            "humidity": 68.12,
            "precip": 509.6,
            "pressure": 943.87,
            "precipprob": 100
        },
        {
            "datetime": 1499040000.0,
            "temp": 9.19,
            "humidity": 73.67,
            "precip": 1347.4,
            "pressure": 951.26,
            "precipprob": 100
        },
        {
            "datetime": 1499180400.0,
            "temp": 6.78,
            "humidity": 77.38,
            "precip": 0.40559,
            "precipprob": 8.0
        }
    ]
}