{
    "days": [
        {
            "datetime": NaN,
            "temp": NaN,
            "humidity": NaN,
            "precip": 168.20000000000002,
            "pressure": 941.44,
            "precipprob": 100
        },
        {
            "datetime": NaN,
            "temp": NaN,
            "humidity": NaN,
            "precip": 33.0,
            "pressure": 945.87,
            "precipprob": 100
        },
        {
            "datetime": 1505746800.0,
            "temp": 12.57,
            "humidity": 34.54,
            "precip": 0.319525,
            "precipprob": 10.0
        }
    ]
}