{
    "days": [
        {
            "datetime": 1499731200.0,
            "temp": 1.73,
            "humidity": 80.17,
            "precip": 733.5999999999999,
            "pressure": 947.28,
            "precipprob": 100
        },
        {
            "datetime": 1499817600.0,
            "temp": 1.86,
            "humidity": 81.05,
            "precip": 461.8,
            "pressure": 946.65,
            "precipprob": 100
        },
        {
            "datetime": 1499958000.0,
            "temp": 6.07,
            "humidity": 73.21,
            "precip": 0.0680027,
            "precipprob": 11.0
        }
    ]
}