{
    "days": [
        {
            "datetime": 1502841600.0,
            "temp": 9.48,
            "humidity": 60.33,
            "precip": 1242.9,
            "pressure": 941.44,
            "precipprob": 100
        },
        {
            "datetime": 1502928000.0,
            "temp": 8.03,
            "humidity": 63.62,
            "precip": 1230.4,
            "pressure": 945.87,
            "precipprob": 100
        },
        {
            "datetime": 1503068400.0,
            "temp": 4.23,
            "humidity": 58.83,
            "precip": 0.002,
            "precipprob": 1.0
        }
    ]
}