{
    "days": [
        {
            "datetime": 1500076800.0,
            "temp": 2.18,
            "humidity": 71.88,
            "precip": 651.8,
            "pressure": 939.46,
            "precipprob": 100
        },
        {
            "datetime": 1500163200.0,
            "temp": 3.52,
            "humidity": 67.12,
            "precip": 499.6,
            "pressure": 941.44,
            "precipprob": 100
        },
        {
            "datetime": 1500303600.0,
            "temp": 6.24,
            "humidity": 76.25,
            "precip": 0.0634851,
            "precipprob": 8.0
        }
    ]
}