{
    "days": [
        {
            "datetime": 1497916800.0,
            "temp": 3.48,
            "humidity": 87.08,
            "precip": 354.79999999999995,
            "pressure": 940.66,
            "precipprob": 100
        },
        {
            "datetime": 1498003200.0,
            "temp": 5.79,
            "humidity": 82.71,
            "precip": 664.6,
            "pressure": 943.94,
            "precipprob": 100
        },
        {
            "datetime": 1498143600.0,
            "temp": 3.75,
            "humidity": 81.83,
            "precip": 0.002,
            "precipprob": 1.0
        }
    ]
}