{
    "days": [
        {
            "datetime": 1504656000.0,
            "temp": 6.97,
            "humidity": 68.08,
            "precip": 507.6000000000001,
            "pressure": 943.54,
            "precipprob": 100
        },
        {
            "datetime": 1504742400.0,
            "temp": 7.49,
            "humidity": 64.21,
            "precip": 722.4,
            "pressure": 946.66,
            "precipprob": 100
        },
        {
            "datetime": 1504882800.0,
            "temp": 6.05,
            "humidity": 54.67,
            "precip": 0.0168859,
            "precipprob": 2.0
        }
    ]
}