{
    "days": [
        {
            "datetime": 1504310400.0,
            "temp": 11.43,
            "humidity": 48.71,
            "precip": 848.0,
            "pressure": 943.87,
            "precipprob": 100
        },
        {
            "datetime": 1504396800.0,
            "temp": 12.37,
            "humidity": 44.96,
            "precip": 996.8,
            "pressure": 951.26,
            "precipprob": 100
        },
        {
            "datetime": 1504537200.0,
            "temp": 5.62,
            "humidity": 58.75,
            "precip": 0.548004,
            "precipprob": 42.0
        }
    ]
}