{
    "days": [
        {
            "datetime": 1505001600.0,
            "temp": 5.29,
            "humidity": 68.08,
            "precip": 150.2,
            "pressure": 945.44,
            "precipprob": 100
        },
        {
            "datetime": 1505088000.0,
            "temp": 12.64,
            "humidity": 47.42,
            "precip": 309.0,
            "pressure": 947.28,
            "precipprob": 100
        },
        {
            "datetime": 1505228400.0,
            "temp": 15.57,
            "humidity": 36.92,
            "precip": 0.575982,
            "precipprob": 39.0
        }
    ]
}