{
    "days": [
        {
            "datetime": NaN,
            "temp": NaN,
            "humidity": NaN,
            "precip": 1130.6,
            "pressure": 948.93,
            "precipprob": 100
        },
        {
            "datetime": 1505790000.0,
            "temp": 4.19,
            "humidity": 65.38,
            "precip": 416.3,
            "pressure": 943.37,
            "precipprob": 100
        },
        {
            "datetime": 1505919600.0,
            "temp": 9.43,
            "humidity": 61.21,
            "precip": 0.113923,
            "precipprob": 5.0
        }
    ]
}