{
    "days": [
        {
            "datetime": 1500508800.0,
            "temp": 4.6,
            "humidity": 62.21,
            "precip": 399.4,
            "pressure": 940.66,
            "precipprob": 100
        },
        {
            "datetime": 1500595200.0,
            "temp": 0.75,
            "humidity": 77.5,
            "precip": 257.3,
            "pressure": 943.94,
            "precipprob": 100
        },
        {
            "datetime": 1500735600.0,
            "temp": 4.49,
            "humidity": 55.92,
            "precip": 0.004,
            "precipprob": 1.0
        }
    ]
}