{
    "days": [
        {
            "datetime": 1504137600.0,
            "temp": 4.28,
            "humidity": 74.96,
            "precip": 200.6,
            "pressure": 951.11,
            "precipprob": 100
        },
        {
            "datetime": 1504224000.0,
            "temp": 4.25,
            "humidity": 74.5,
            "precip": 320.0,
            "pressure": 938.62,
            "precipprob": 100
        },
        {
            "datetime": 1504364400.0,
            "temp": 10.88,
            "humidity": 43.67,
            "precip": 0.16136,
            "precipprob": 10.0
        }
    ]
}