{
    "days": [
        {
            "datetime": 1498608000.0,
            "temp": 1.98,
            "humidity": 86.04,
            "precip": 921.4,
            "pressure": 934.25,
            "precipprob": 100
        },
        {
            "datetime": 1498694400.0,
            "temp": 4.53,
            "humidity": 70.88,
            "precip": 831.4,
            "pressure": 942.28,
            "precipprob": 100
        },
        {
            "datetime": 1498834800.0,
            "temp": 1.03,
            "humidity": 72.08,
            "precip": 0.0107033,
            "precipprob": 3.0
        }
    ]
}