{
    "days": [
        {
            "datetime": 1502064000.0,
            "temp": 4.26,
            "humidity": 75.25,
            "precip": 754.6,
            "pressure": 946.66,
            "precipprob": 100
        },
        {
            "datetime": 1502150400.0,
            "temp": 6.2,
            "humidity": 65.88,
            "precip": 1291.4,
            "pressure": 948.5,
            "precipprob": 100
        },
        {
            "datetime": 1502290800.0,
            "temp": 5.5,
            "humidity": 78.75,
            "precip": 0.0,
            "precipprob": 0.0
        }
    ]
}