{
    "days": [
        {
            "datetime": 1497744000.0,
            "temp": 4.29,
            "humidity": 82.21,
            "precip": 223.6,
            "pressure": 948.93,
            "precipprob": 100
        },
        {
            "datetime": 1497830400.0,
            "temp": 7.41,
            "humidity": 83.92,
            "precip": 344.8,
            "pressure": 943.37,
            "precipprob": 100
        },
        {
            "datetime": 1497970800.0,
            "temp": 4.6,
            "humidity": 82.58,
            "precip": 0.0527812,
            "precipprob": 8.0
        }
    ]
}