{
    "days": [
        {
            "datetime": 1503532800.0,
            "temp": 4.1,
            "humidity": 77.08,
            "precip": 216.6,
            "pressure": 939.69,
            "precipprob": 100
        },
        {
            "datetime": 1503619200.0,
            "temp": 3.88,
            "humidity": 78.62,
            "precip": 189.8,
            "pressure": 941.79,
            "precipprob": 100
        },
        {
            "datetime": 1503759600.0,
            "temp": 5.36,
            "humidity": 60.29,
            "precip": 0.231501,
            "precipprob": 82.0
        }
    ]
}