{
    "days": [
        {
            "datetime": 1503187200.0,
            "temp": 5.1,
            "humidity": 74.0,
            "precip": 580.4000000000001,
            "pressure": 940.66,
            "precipprob": 100
        },
        {
            "datetime": 1503273600.0,
            "temp": 4.46,
            "humidity": 71.08,
            "precip": 171.40000000000003,
            "pressure": 943.94,
            "precipprob": 100
        },
        {
            "datetime": 1503414000.0,
            "temp": 5.97,
            "humidity": 72.04,
            "precip": 0.002,
            "precipprob": 1.0
        }
    ]
}