{
    "days": [
        {
            "datetime": 1501459200.0,
            "temp": 5.55,
            "humidity": 85.62,
            "precip": 1381.6,
            "pressure": 951.11,
            "precipprob": 100
        },
        {
            "datetime": 1501545600.0,
            "temp": 4.51,
            "humidity": 71.04,
            "precip": 129.4,
            "pressure": 938.62,
            "precipprob": 100
        },
        {
            "datetime": 1501686000.0,
            "temp": 2.76,
            "humidity": 84.54,
            "precip": 12.5738,
            "precipprob": 93.0
        }
    ]
}