{
    "days": [
        {
            "datetime": 1502928000.0,
            "temp": 8.03,
            "humidity": 63.62,
            "precip": 1230.4,
            "pressure": 945.87,
            "precipprob": 100
        },
        {
            "datetime": 1503014400.0,
            "temp": 5.33,
            "humidity": 58.04,
            "precip": 869.6,
            "pressure": 948.93,
            "precipprob": 100
        },
        {
            "datetime": 1503154800.0,
            "temp": 2.58,
            "humidity": 58.58,
            "precip": 0.002,
            "precipprob": 1.0
        }
    ]
}