{
    "days": [
        {
            "datetime": 1503360000.0,
            "temp": 5.02,
            "humidity": 71.17,
            "precip": 496.4,
            "pressure": 944.51,
            "precipprob": 100
        },
        {
            "datetime": 1503446400.0,
            "temp": 6.12,
            "humidity": 64.17,
            "precip": 749.4000000000001,
            "pressure": 939.26,
            "precipprob": 100
        },
        {
            "datetime": 1503586800.0,
            "temp": 4.44,
            "humidity": 65.75,
            "precip": 0.004,
            "precipprob": 2.0
        }
    ]
}