{
    "days": [
        {
            "datetime": 1496793600.0,
            "temp": 8.4,
            "humidity": 93.58,
            "precip": 1128.6,
            "pressure": 946.66,
            "precipprob": 100
        },
        {
            "datetime": 1496880000.0,
            "temp": 8.96,
            "humidity": 89.58,
            "precip": 499.0,
            "pressure": 948.5,
            "precipprob": 100
        },
        {
            "datetime": 1497020400.0,
            "temp": 6.73,
            "humidity": 92.38,
            "precip": 0.878629,
            "precipprob": 10.0
        }
    ]
}